"stationName","date","Rn_Avg_qc_mm","Rn_Avg_qc_count","Rn_Avg_gf_mm","Rn_Avg_gf_count","Rn_Avg_qc_mm_Dqc","Rn_Avg_gf_mm_Dqc","Rn_Avg_gf_mm_Dgf","Tc_H_qc_mm","Tc_H_gf_mm","Tc_aH_qc_mm","Tc_aH_qc_count","Tc_aH_gf_mm","Tc_aH_gf_count","Tc_aH_qc_mm_Dqc","Tc_aH_gf_mm_Dqc","Tc_aH_gf_mm_Dgf","ET_Tc_aH_qc_Dqc","ET_Tc_aH_gf_Dqc","ET_Tc_aH_qc_Dgf","ET_Tc_aH_gf_Dgf","ET_Tc_aH_gf_Dgf2","Tn_H_qc_mm","Tn_H_gf_mm","Tn_aH_qc_mm","Tn_aH_qc_count","Tn_aH_gf_mm","Tn_aH_gf_count","Tn_aH_qc_mm_Dqc","Tn_aH_gf_mm_Dqc","Tn_aH_gf_mm_Dgf","ET_Tn_aH_qc_Dqc","ET_Tn_aH_gf_Dqc","ET_Tn_aH_qc_Dgf","ET_Tn_aH_gf_Dgf","ET_Tn_aH_gf_Dgf2","SR_aH_qc_mm","SR_aH_qc_count","SR_aH_gf_mm","SR_aH_gf_count","SR_aH_qc_mm_Dqc","SR_aH_gf_mm_Dqc","ET_SR_aH_qc_Dqc","ET_SR_aH_gf_Dqc","SR_aH_gf_mm_Dgf","ET_SR_aH_qc_Dgf","ET_SR_aH_gf_Dgf","ET_SR_aH_gf_Dgf2","ETo_mm","Ka_Tc","Ka_Tn","Ka_SR"
"D07_Bouldin_Alfalfa","2016-07-14",3.7565709315534,25,3.7565709315534,25,NA,NA,NA,NA,NA,NA,21,NA,23,NA,NA,NA,NA,NA,NA,NA,NA,NA,NA,NA,22,NA,23,NA,NA,NA,NA,NA,NA,NA,NA,NA,22,NA,23,NA,NA,NA,NA,NA,NA,NA,NA,7.46,NA,NA,NA
"D07_Bouldin_Alfalfa","2016-07-15",6.04774924875252,48,6.04774924875252,48,6.04774924875252,6.04774924875252,6.04774924875252,NA,-0.377046595376339,NA,45,-0.041664077077059,48,NA,-0.041664077077059,-0.041664077077059,NA,6.08941332582958,6.08941332582958,6.08941332582958,6.08941332582958,NA,-0.19767739618212,NA,47,0.0681450762124612,48,NA,0.0681450762124612,0.0681450762124612,NA,5.97960417254006,5.97960417254006,5.97960417254006,5.97960417254006,NA,47,0.0132322875132564,48,NA,0.0132322875132564,NA,6.03451696123926,0.0132322875132564,6.03451696123926,6.03451696123926,6.03451696123926,7.4,0.822893692679673,0.808054617910819,0.815475265032333
"D07_Bouldin_Alfalfa","2016-07-16",5.525596388043,48,5.525596388043,48,5.525596388043,5.525596388043,5.525596388043,3.88266659344114,3.88266659344114,3.24663151106385,48,3.24663151106385,48,3.24663151106385,3.24663151106385,3.24663151106385,2.27896487697915,2.27896487697915,2.27896487697915,2.27896487697915,2.27896487697915,3.33382309338842,3.33382309338842,2.80324332110539,48,2.80324332110539,48,2.80324332110539,2.80324332110539,2.80324332110539,2.72235306693761,2.72235306693761,2.72235306693761,2.72235306693761,2.72235306693761,3.02493741608462,48,3.02493741608462,48,3.02493741608462,3.02493741608462,2.50065897195838,2.50065897195838,3.02493741608462,2.50065897195838,2.50065897195838,2.50065897195838,7.04,0.32371660184363,0.386697878826365,0.355207240334997
"D07_Bouldin_Alfalfa","2016-07-17",5.47043997519144,48,5.47043997519144,48,5.47043997519144,5.47043997519144,5.47043997519144,NA,4.12372282618643,NA,47,3.32696117483191,48,NA,3.32696117483191,3.32696117483191,NA,2.14347880035953,2.14347880035953,2.14347880035953,2.14347880035953,4.03423539891942,4.03423539891942,3.23834010814787,48,3.23834010814787,48,3.23834010814787,3.23834010814787,3.23834010814787,2.23209986704357,2.23209986704357,2.23209986704357,2.23209986704357,2.23209986704357,3.28406587546659,48,3.28265064148989,48,3.28406587546659,3.28265064148989,2.18637409972485,2.18778933370155,3.28265064148989,2.18778933370155,2.18778933370155,2.18778933370155,6.77,0.31661429842829,0.329704559386051,0.323159428907171
"D07_Bouldin_Alfalfa","2016-07-18",5.359702496391,48,5.359702496391,48,5.359702496391,5.359702496391,5.359702496391,NA,4.52009213979631,NA,47,3.64552547512121,48,NA,3.64552547512121,3.64552547512121,NA,1.71417702126979,1.71417702126979,1.71417702126979,1.71417702126979,3.66982092282824,3.66982092282824,2.9820607055965,48,2.9820607055965,48,2.9820607055965,2.9820607055965,2.9820607055965,2.3776417907945,2.3776417907945,2.3776417907945,2.3776417907945,2.3776417907945,3.30606896628948,48,3.3137599111367,48,3.30606896628948,3.3137599111367,2.05363353010152,2.0459425852543,3.3137599111367,2.0459425852543,2.0459425852543,2.0459425852543,6.39,0.268259314752706,0.372087917182238,0.320178808334006
"D07_Bouldin_Alfalfa","2016-07-19",5.27777971391736,48,5.27777971391736,48,5.27777971391736,5.27777971391736,5.27777971391736,4.28535801072062,4.28535801072062,3.53939676757535,48,3.53939676757535,48,3.53939676757535,3.53939676757535,3.53939676757535,1.73838294634201,1.73838294634201,1.73838294634201,1.73838294634201,1.73838294634201,3.46325105932222,3.46325105932222,2.88513256107494,48,2.88513256107494,48,2.88513256107494,2.88513256107494,2.88513256107494,2.39264715284242,2.39264715284242,2.39264715284242,2.39264715284242,2.39264715284242,3.21226466432514,48,3.21226466432514,48,3.21226466432514,3.21226466432514,2.06551504959222,2.06551504959222,3.21226466432514,2.06551504959222,2.06551504959222,2.06551504959222,6.61,0.262992881443572,0.361973850656947,0.31248336605026
"D07_Bouldin_Alfalfa","2016-07-20",5.5186021017342,48,5.5186021017342,48,5.5186021017342,5.5186021017342,5.5186021017342,NA,2.54141395184692,NA,47,2.21419191871349,48,NA,2.21419191871349,2.21419191871349,NA,3.30441018302071,3.30441018302071,3.30441018302071,3.30441018302071,NA,1.98274381597308,NA,46,1.79353189943555,48,NA,1.79353189943555,1.79353189943555,NA,3.72507020229865,3.72507020229865,3.72507020229865,3.72507020229865,1.99212138352031,48,2.00361750993391,48,1.99212138352031,2.00361750993391,3.52648071821389,3.51498459180029,2.00361750993391,3.51498459180029,3.51498459180029,3.51498459180029,7,0.472058597574387,0.532152886042664,0.502140655971471
"D07_Bouldin_Alfalfa","2016-07-21",5.4760853634264,48,5.4760853634264,48,5.4760853634264,5.4760853634264,5.4760853634264,2.74870938409581,2.74870938409581,2.34767785392884,48,2.34767785392884,48,2.34767785392884,2.34767785392884,2.34767785392884,3.12840750949756,3.12840750949756,3.12840750949756,3.12840750949756,3.12840750949756,NA,2.56140498764219,NA,47,2.19257394001454,48,NA,2.19257394001454,2.19257394001454,NA,3.28351142341186,3.28351142341186,3.28351142341186,3.28351142341186,2.2854936817872,48,2.27010520819364,48,2.2854936817872,2.27010520819364,3.19059168163921,3.20598015523276,2.27010520819364,3.20598015523276,3.20598015523276,3.20598015523276,7.29,0.429136832578541,0.450413089631256,0.439777799071709
"D07_Bouldin_Alfalfa","2016-07-22",5.8118037593094,48,5.8118037593094,48,5.8118037593094,5.8118037593094,5.8118037593094,NA,1.88170600847405,NA,46,1.67449732452599,48,NA,1.67449732452599,1.67449732452599,NA,4.13730643478342,4.13730643478342,4.13730643478342,4.13730643478342,NA,1.51717787628404,NA,47,1.39357164766235,48,NA,1.39357164766235,1.39357164766235,NA,4.41823211164705,4.41823211164705,4.41823211164705,4.41823211164705,NA,47,1.53363163121042,48,NA,1.53363163121042,NA,4.27817212809898,1.53363163121042,4.27817212809898,4.27817212809898,4.27817212809898,7.06,0.586020741470739,0.625811913831027,0.605973389249147
"D07_Bouldin_Alfalfa","2016-07-23",6.3014038009254,48,6.3014038009254,48,6.3014038009254,6.3014038009254,6.3014038009254,NA,1.20038159700495,NA,45,1.08564619859924,48,NA,1.08564619859924,1.08564619859924,NA,5.21575760232616,5.21575760232616,5.21575760232616,5.21575760232616,0.607536364146324,0.607536364146324,0.635315358769222,48,0.635315358769222,48,0.635315358769222,0.635315358769222,0.635315358769222,5.66608844215618,5.66608844215618,5.66608844215618,5.66608844215618,5.66608844215618,0.7711728551997,48,0.860296264018851,48,0.7711728551997,0.860296264018851,5.5302309457257,5.44110753690655,0.860296264018851,5.44110753690655,5.44110753690655,5.44110753690655,7.69,0.678251963891569,0.736812541242676,0.707556246671853
"D07_Bouldin_Alfalfa","2016-07-24",6.33609310999644,48,6.33609310999644,48,6.33609310999644,6.33609310999644,6.33609310999644,NA,0.466429106738396,NA,47,0.497923976532544,48,NA,0.497923976532544,0.497923976532544,NA,5.8381691334639,5.8381691334639,5.8381691334639,5.8381691334639,0.0749092627306662,0.0749092627306662,0.203075945361227,48,0.203075945361227,48,0.203075945361227,0.203075945361227,0.203075945361227,6.13301716463521,6.13301716463521,6.13301716463521,6.13301716463521,6.13301716463521,0.353610235157041,48,0.349750797954209,48,0.353610235157041,0.349750797954209,5.9824828748394,5.98634231204223,0.349750797954209,5.98634231204223,5.98634231204223,5.98634231204223,7.4,0.788941774792418,0.828786103329083,0.808965177303004
"D07_Bouldin_Alfalfa","2016-07-25",5.9833694881782,48,5.9833694881782,48,5.9833694881782,5.9833694881782,5.9833694881782,0.692052163280864,0.692052163280864,0.743530986220322,48,0.743530986220322,48,0.743530986220322,0.743530986220322,0.743530986220322,5.23983850195788,5.23983850195788,5.23983850195788,5.23983850195788,5.23983850195788,0.186658868833806,0.186658868833806,0.386728511754264,48,0.386728511754264,48,0.386728511754264,0.386728511754264,0.386728511754264,5.59664097642394,5.59664097642394,5.59664097642394,5.59664097642394,5.59664097642394,0.565076467927356,48,0.565076467927356,48,0.565076467927356,0.565076467927356,5.41829302025084,5.41829302025084,0.565076467927356,5.41829302025084,5.41829302025084,5.41829302025084,7.33,0.714848363159328,0.763525371954152,0.73919413645987
"D07_Bouldin_Alfalfa","2016-07-26",5.8718649889044,48,5.8718649889044,48,5.8718649889044,5.8718649889044,5.8718649889044,NA,0.155516405226681,NA,47,0.321006542478271,48,NA,0.321006542478271,0.321006542478271,NA,5.55085844642613,5.55085844642613,5.55085844642613,5.55085844642613,NA,-0.129222646250212,NA,47,0.0992294481468682,48,NA,0.0992294481468682,0.0992294481468682,NA,5.77263554075753,5.77263554075753,5.77263554075753,5.77263554075753,0.215603036443839,48,0.21011799531257,48,0.215603036443839,0.21011799531257,5.65626195246056,5.66174699359183,0.21011799531257,5.66174699359183,5.66174699359183,5.66174699359183,7.27,0.763529359893553,0.794035150035424,0.778782254964488
"D07_Bouldin_Alfalfa","2016-07-27",5.8943245826502,48,5.8943245826502,48,5.8943245826502,5.8943245826502,5.8943245826502,NA,-1.56323469320243,NA,47,-0.792966620192053,48,NA,-0.792966620192053,-0.792966620192053,NA,6.68729120284225,6.68729120284225,6.68729120284225,6.68729120284225,NA,-1.57218477888983,NA,46,-0.809259753108899,48,NA,-0.809259753108899,-0.809259753108899,NA,6.7035843357591,6.7035843357591,6.7035843357591,6.7035843357591,-0.798872511590695,48,-0.802868087083721,48,-0.798872511590695,-0.802868087083721,6.6931970942409,6.69719266973392,-0.802868087083721,6.69719266973392,6.69719266973392,6.69719266973392,7.75,0.86287628423771,0.864978623968916,0.864153892868893
"D07_Bouldin_Alfalfa","2016-07-28",6.1266458268873,48,6.1266458268873,48,6.1266458268873,6.1266458268873,6.1266458268873,-1.18073019276445,-1.18073019276445,-0.470896142692966,48,-0.470896142692966,48,-0.470896142692966,-0.470896142692966,-0.470896142692966,6.59754196958027,6.59754196958027,6.59754196958027,6.59754196958027,6.59754196958027,NA,-1.20859408888283,NA,47,-0.51049976393477,48,NA,-0.51049976393477,-0.51049976393477,NA,6.63714559082207,6.63714559082207,6.63714559082207,6.63714559082207,-0.482830456976153,48,-0.491728336226503,48,-0.482830456976153,-0.491728336226503,6.60947628386345,6.6183741631138,-0.491728336226503,6.6183741631138,6.6183741631138,6.6183741631138,7.68,0.859054943955764,0.864211665471624,0.861767469155443
"D07_Bouldin_Alfalfa","2016-07-29",6.103910722914,48,6.103910722914,48,6.103910722914,6.103910722914,6.103910722914,-1.61002084443886,-1.61002084443886,-0.750722146947949,48,-0.750722146947949,48,-0.750722146947949,-0.750722146947949,-0.750722146947949,6.85463286986195,6.85463286986195,6.85463286986195,6.85463286986195,6.85463286986195,NA,-1.65221774801229,NA,46,-0.783247368674512,48,NA,-0.783247368674512,-0.783247368674512,NA,6.88715809158851,6.88715809158851,6.88715809158851,6.88715809158851,-0.761613561202358,48,-0.76702191390782,48,-0.761613561202358,-0.76702191390782,6.86552428411636,6.87093263682182,-0.76702191390782,6.87093263682182,6.87093263682182,6.87093263682182,7.7,0.890212061021032,0.894436115790716,0.892328913872964
"D07_Bouldin_Alfalfa","2016-07-30",5.8959849909546,48,5.8959849909546,48,5.8959849909546,5.8959849909546,5.8959849909546,-1.06631887509737,-1.06631887509737,-0.349408175319884,48,-0.349408175319884,48,-0.349408175319884,-0.349408175319884,-0.349408175319884,6.24539316627448,6.24539316627448,6.24539316627448,6.24539316627448,6.24539316627448,-1.1614244953563,-1.1614244953563,-0.424560619559139,48,-0.424560619559139,48,-0.424560619559139,-0.424560619559139,-0.424560619559139,6.32054561051374,6.32054561051374,6.32054561051374,6.32054561051374,6.32054561051374,-0.387071269445009,48,-0.387071269445009,48,-0.387071269445009,-0.387071269445009,6.28305626039961,6.28305626039961,-0.387071269445009,6.28305626039961,6.28305626039961,6.28305626039961,8,0.780674145784311,0.790068201314217,0.785382032549951
"D07_Bouldin_Alfalfa","2016-07-31",5.43716421726096,48,5.43716421726096,48,5.43716421726096,5.43716421726096,5.43716421726096,NA,0.239704029389235,NA,47,0.505026635124132,48,NA,0.505026635124132,0.505026635124132,NA,4.93213758213683,4.93213758213683,4.93213758213683,4.93213758213683,NA,0.334033901395427,NA,47,0.557871374860268,48,NA,0.557871374860268,0.557871374860268,NA,4.87929284240069,4.87929284240069,4.87929284240069,4.87929284240069,NA,47,0.5314490049922,48,NA,0.5314490049922,NA,4.90571521226876,0.5314490049922,4.90571521226876,4.90571521226876,4.90571521226876,7.1,0.694667265089694,0.687224344000098,0.690945804544896
"D07_Bouldin_Alfalfa","2016-08-01",5.3861367843522,48,5.3861367843522,48,5.3861367843522,5.3861367843522,5.3861367843522,-0.0353702541993281,-0.0353702541993281,0.34082472225979,48,0.34082472225979,48,0.34082472225979,0.34082472225979,0.34082472225979,5.04531206209241,5.04531206209241,5.04531206209241,5.04531206209241,5.04531206209241,-0.150165187073741,-0.150165187073741,0.262048674211411,48,0.262048674211411,48,0.262048674211411,0.262048674211411,0.262048674211411,5.12408811014079,5.12408811014079,5.12408811014079,5.12408811014079,5.12408811014079,0.3014366982356,48,0.3014366982356,48,0.3014366982356,0.3014366982356,5.0847000861166,5.0847000861166,0.3014366982356,5.0847000861166,5.0847000861166,5.0847000861166,6.76,0.746347938179351,0.758001199724969,0.75217456895216
"D07_Bouldin_Alfalfa","2016-08-02",5.71585126135752,48,5.71585126135752,48,5.71585126135752,5.71585126135752,5.71585126135752,0.245089489391697,0.245089489391697,0.479133352056298,48,0.479133352056298,48,0.479133352056298,0.479133352056298,0.479133352056298,5.23671790930122,5.23671790930122,5.23671790930122,5.23671790930122,5.23671790930122,0.220078624579785,0.220078624579785,0.435274575879483,48,0.435274575879483,48,0.435274575879483,0.435274575879483,0.435274575879483,5.28057668547804,5.28057668547804,5.28057668547804,5.28057668547804,5.28057668547804,0.457194810189337,48,0.457194810189337,48,0.457194810189337,0.457194810189337,5.25865645116818,5.25865645116818,0.457194810189337,5.25865645116818,5.25865645116818,5.25865645116818,6.65,0.78747637733853,0.794071682026772,0.790775406190704
"D07_Bouldin_Alfalfa","2016-08-03",5.6796396664428,48,5.6796396664428,48,5.6796396664428,5.6796396664428,5.6796396664428,NA,-0.585785480813227,NA,46,-0.104384087755517,48,NA,-0.104384087755517,-0.104384087755517,NA,5.78402375419832,5.78402375419832,5.78402375419832,5.78402375419832,NA,-0.57092134491992,NA,47,-0.0873825899044872,48,NA,-0.0873825899044872,-0.0873825899044872,NA,5.76702225634729,5.76702225634729,5.76702225634729,5.76702225634729,NA,47,-0.095888203085164,48,NA,-0.095888203085164,NA,5.77552786952796,-0.095888203085164,5.77552786952796,5.77552786952796,5.77552786952796,7.09,0.815800247418663,0.813402292855753,0.814601956209868
"D07_Bouldin_Alfalfa","2016-08-04",5.16780999028422,48,5.16780999028422,48,5.16780999028422,5.16780999028422,5.16780999028422,NA,1.53876750242345,NA,45,1.35663944085474,48,NA,1.35663944085474,1.35663944085474,NA,3.81117054942948,3.81117054942948,3.81117054942948,3.81117054942948,NA,1.55532307962842,NA,46,1.36049484825721,48,NA,1.36049484825721,1.36049484825721,NA,3.80731514202701,3.80731514202701,3.80731514202701,3.80731514202701,NA,47,1.35856714455598,48,NA,1.35856714455598,NA,3.80924284572824,1.35856714455598,3.80924284572824,3.80924284572824,3.80924284572824,6.24,0.610764511126519,0.610146657376123,0.610455584251321
"D07_Bouldin_Alfalfa","2016-08-05",5.2086347284482,48,5.2086347284482,48,5.2086347284482,5.2086347284482,5.2086347284482,1.63656865141306,1.63656865141306,1.4235400270376,48,1.4235400270376,48,1.4235400270376,1.4235400270376,1.4235400270376,3.7850947014106,3.7850947014106,3.7850947014106,3.7850947014106,3.7850947014106,1.32948618011206,1.32948618011206,1.20441635442633,48,1.20441635442633,48,1.20441635442633,1.20441635442633,1.20441635442633,4.00421837402187,4.00421837402187,4.00421837402187,4.00421837402187,4.00421837402187,1.31320036399442,48,1.31320036399442,48,1.31320036399442,1.31320036399442,3.89543436445378,3.89543436445378,1.31320036399442,3.89543436445378,3.89543436445378,3.89543436445378,5.72,0.661729842903952,0.700038177276551,0.681019993785625
"D07_Bouldin_Alfalfa","2016-08-06",5.4449122995522,48,5.4449122995522,48,5.4449122995522,5.4449122995522,5.4449122995522,NA,1.5207680706876,NA,46,1.38550943770104,48,NA,1.38550943770104,1.38550943770104,NA,4.05940286185116,4.05940286185116,4.05940286185116,4.05940286185116,1.32304602965336,1.32304602965336,1.25641158690008,48,1.25641158690008,48,1.25641158690008,1.25641158690008,1.25641158690008,4.18850071265212,4.18850071265212,4.18850071265212,4.18850071265212,4.18850071265212,1.30650872458989,48,1.32096051230056,48,1.30650872458989,1.32096051230056,4.13840357496231,4.12395178725164,1.32096051230056,4.12395178725164,4.12395178725164,4.12395178725164,6.04,0.672086566531648,0.693460382889424,0.682773474710536
"D07_Bouldin_Alfalfa","2016-08-07",5.4794429147322,48,5.4794429147322,48,5.4794429147322,5.4794429147322,5.4794429147322,1.15190333037952,1.15190333037952,1.06426979938575,48,1.06426979938575,48,1.06426979938575,1.06426979938575,1.06426979938575,4.41517311534644,4.41517311534644,4.41517311534644,4.41517311534644,4.41517311534644,1.02072936518884,1.02072936518884,0.982832709744897,48,0.982832709744897,48,0.982832709744897,0.982832709744897,0.982832709744897,4.4966102049873,4.4966102049873,4.4966102049873,4.4966102049873,4.4966102049873,1.02355125456533,48,1.02355125456533,48,1.02355125456533,1.02355125456533,4.45589166016687,4.45589166016687,1.02355125456533,4.45589166016687,4.45589166016687,4.45589166016687,6.06,0.728576421674331,0.742014885311436,0.735295653492884
"D07_Bouldin_Alfalfa","2016-08-08",5.53390651119834,48,5.53390651119834,48,5.53390651119834,5.53390651119834,5.53390651119834,NA,0.296859056551153,NA,47,0.460859936602018,48,NA,0.460859936602018,0.460859936602018,NA,5.07304657459632,5.07304657459632,5.07304657459632,5.07304657459632,NA,0.00824022393072375,NA,47,0.269494460311998,48,NA,0.269494460311998,0.269494460311998,NA,5.26441205088634,5.26441205088634,5.26441205088634,5.26441205088634,0.366465525885758,48,0.363736127125226,48,0.366465525885758,0.363736127125226,5.16744098531258,5.17017038407311,0.363736127125226,5.17017038407311,5.17017038407311,5.17017038407311,6.48,0.782877557808074,0.81240926711209,0.797865800011283
"D07_Bouldin_Alfalfa","2016-08-09",5.5395041443272,48,5.5395041443272,48,5.5395041443272,5.5395041443272,5.5395041443272,NA,1.16569255525962,NA,47,1.06963396682416,48,NA,1.06963396682416,1.06963396682416,NA,4.46987017750304,4.46987017750304,4.46987017750304,4.46987017750304,0.601691683598507,0.601691683598507,0.66023166273748,48,0.66023166273748,48,0.66023166273748,0.66023166273748,0.66023166273748,4.87927248158972,4.87927248158972,4.87927248158972,4.87927248158972,4.87927248158972,0.859337394653064,48,0.864851850754453,48,0.859337394653064,0.864851850754453,4.68016674967414,4.67465229357275,0.864851850754453,4.67465229357275,4.67465229357275,4.67465229357275,6.21,0.719785857890989,0.785712154845365,0.752762044053582
"D07_Bouldin_Alfalfa","2016-08-10",NA,36,NA,36,NA,NA,5.5309082252292,NA,NA,NA,36,NA,36,NA,NA,0.881897176375917,NA,NA,NA,4.64901104885328,4.64901104885328,NA,NA,NA,36,NA,36,NA,NA,0.55783660634628,NA,NA,NA,4.97307161888292,4.97307161888292,NA,36,NA,36,NA,NA,NA,NA,0.719818470206651,NA,4.81108975502255,4.81108975502255,6.3,NA,NA,NA
"D07_Bouldin_Alfalfa","2016-08-11",5.5223123061312,48,5.5223123061312,48,5.5223123061312,5.5223123061312,5.5223123061312,NA,0.517235707780585,NA,47,0.694160385927678,48,NA,0.694160385927678,0.694160385927678,NA,4.82815192020352,4.82815192020352,4.82815192020352,4.82815192020352,0.119675891979048,0.119675891979048,0.45544154995508,48,0.45544154995508,48,0.45544154995508,0.45544154995508,0.45544154995508,5.06687075617612,5.06687075617612,5.06687075617612,5.06687075617612,5.06687075617612,0.567785815311814,48,0.57478508965885,48,0.567785815311814,0.57478508965885,4.95452649081939,4.94752721647235,0.57478508965885,4.94752721647235,4.94752721647235,4.94752721647235,6.47,0.746236772828983,0.783133038048859,0.764687359578416
"D07_Bouldin_Alfalfa","2016-08-12",5.5755702698418,48,5.5755702698418,48,5.5755702698418,5.5755702698418,5.5755702698418,NA,-0.9710773524102,NA,47,-0.333922864039672,48,NA,-0.333922864039672,-0.333922864039672,NA,5.90949313388147,5.90949313388147,5.90949313388147,5.90949313388147,NA,-1.63477082740656,NA,47,-0.783046402395469,48,NA,-0.783046402395469,-0.783046402395469,NA,6.35861667223727,6.35861667223727,6.35861667223727,6.35861667223727,-0.555160430336632,48,-0.560985222098437,48,-0.555160430336632,-0.560985222098437,6.13073070017843,6.13655549194024,-0.560985222098437,6.13655549194024,6.13655549194024,6.13655549194024,6.69,0.883332307007694,0.950465870289577,0.917272868750409
"D07_Bouldin_Alfalfa","2016-08-13",5.1963947274078,48,5.1963947274078,48,5.1963947274078,5.1963947274078,5.1963947274078,NA,0.838198952147937,NA,47,0.955719768962665,48,NA,0.955719768962665,0.955719768962665,NA,4.24067495844513,4.24067495844513,4.24067495844513,4.24067495844513,0.560754094696054,0.560754094696054,0.747374536454812,48,0.747374536454812,48,0.747374536454812,0.747374536454812,0.747374536454812,4.44902019095299,4.44902019095299,4.44902019095299,4.44902019095299,4.44902019095299,0.817555322283362,48,0.851498825237919,48,0.817555322283362,0.851498825237919,4.37883940512444,4.34489590216988,0.851498825237919,4.34489590216988,4.34489590216988,4.34489590216988,7.05,0.601514178502856,0.631066693752197,0.616297291087926
"D07_Bouldin_Alfalfa","2016-08-14",5.0886996162129,48,5.0886996162129,48,5.0886996162129,5.0886996162129,5.0886996162129,NA,2.34851881520055,NA,47,2.00548771216018,48,NA,2.00548771216018,2.00548771216018,NA,3.08321190405272,3.08321190405272,3.08321190405272,3.08321190405272,NA,2.2429509444937,NA,46,1.94485783658921,48,NA,1.94485783658921,1.94485783658921,NA,3.14384177962369,3.14384177962369,3.14384177962369,3.14384177962369,NA,47,1.97514695100265,48,NA,1.97514695100265,NA,3.11355266521025,1.97514695100265,3.11355266521025,3.11355266521025,3.11355266521025,7.26,0.42468483526897,0.433036057799406,0.428864003472487
"D07_Bouldin_Alfalfa","2016-08-15",4.7706395891778,48,4.7706395891778,48,4.7706395891778,4.7706395891778,4.7706395891778,2.69907648403031,2.69907648403031,2.23570950933214,48,2.23570950933214,48,2.23570950933214,2.23570950933214,2.23570950933214,2.53493007984566,2.53493007984566,2.53493007984566,2.53493007984566,2.53493007984566,2.80589175253647,2.80589175253647,2.32441559810991,48,2.32441559810991,48,2.32441559810991,2.32441559810991,2.32441559810991,2.44622399106789,2.44622399106789,2.44622399106789,2.44622399106789,2.44622399106789,2.28006255372102,48,2.28006255372102,48,2.28006255372102,2.28006255372102,2.49057703545678,2.49057703545678,2.28006255372102,2.49057703545678,2.49057703545678,2.49057703545678,6.66,0.380620132108958,0.367300899559744,0.373960515834351
"D07_Bouldin_Alfalfa","2016-08-16",4.8443440852386,48,4.8443440852386,48,4.8443440852386,4.8443440852386,4.8443440852386,2.10427823242839,2.10427823242839,1.83136831620963,48,1.83136831620963,48,1.83136831620963,1.83136831620963,1.83136831620963,3.01297576902897,3.01297576902897,3.01297576902897,3.01297576902897,3.01297576902897,1.99361246228831,1.99361246228831,1.77352549387404,48,1.77352549387404,48,1.77352549387404,1.77352549387404,1.77352549387404,3.07081859136456,3.07081859136456,3.07081859136456,3.07081859136456,3.07081859136456,1.8023638871081,48,1.8023638871081,48,1.8023638871081,1.8023638871081,3.0419801981305,3.0419801981305,1.8023638871081,3.0419801981305,3.0419801981305,3.0419801981305,6.62,0.455132291394105,0.463869877849631,0.459513625095241
"D07_Bouldin_Alfalfa","2016-08-17",5.13154035454824,48,5.13154035454824,48,5.13154035454824,5.13154035454824,5.13154035454824,NA,1.20308881368344,NA,47,1.07806826519,48,NA,1.07806826519,1.07806826519,NA,4.05347208935824,4.05347208935824,4.05347208935824,4.05347208935824,NA,1.09928762595442,NA,47,1.01410493756455,48,NA,1.01410493756455,1.01410493756455,NA,4.11743541698369,4.11743541698369,4.11743541698369,4.11743541698369,1.04810116650612,48,1.04607863965168,48,1.04810116650612,1.04607863965168,4.08343918804212,4.08546171489656,1.04607863965168,4.08546171489656,4.08546171489656,4.08546171489656,6.5,0.623611090670498,0.633451602612876,0.628532571522548
"D07_Bouldin_Alfalfa","2016-08-18",4.51788797585718,48,4.51788797585718,48,4.51788797585718,4.51788797585718,4.51788797585718,NA,0.826251347866779,NA,46,0.883592728507273,48,NA,0.883592728507273,0.883592728507273,NA,3.63429524734991,3.63429524734991,3.63429524734991,3.63429524734991,NA,0.797616497366873,NA,46,0.867931500992326,48,NA,0.867931500992326,0.867931500992326,NA,3.64995647486485,3.64995647486485,3.64995647486485,3.64995647486485,NA,47,0.875762114749799,48,NA,0.875762114749799,NA,3.64212586110738,0.875762114749799,3.64212586110738,3.64212586110738,3.64212586110738,6.47,0.561714875942799,0.564135467521616,0.562925171732207
"D07_Bouldin_Alfalfa","2016-08-19",4.57389149082156,48,4.57389149082156,48,4.57389149082156,4.57389149082156,4.57389149082156,NA,1.18876617316078,NA,47,1.1362885315251,48,NA,1.1362885315251,1.1362885315251,NA,3.43760295929646,3.43760295929646,3.43760295929646,3.43760295929646,NA,1.07624902843042,NA,46,1.05132870352754,48,NA,1.05132870352754,1.05132870352754,NA,3.52256278729402,3.52256278729402,3.52256278729402,3.52256278729402,NA,47,1.0936305912731,48,NA,1.0936305912731,NA,3.48026089954846,1.0936305912731,3.48026089954846,3.48026089954846,3.48026089954846,6.48,0.530494283842046,0.543605368409571,0.537077299313035
"D07_Bouldin_Alfalfa","2016-08-20",4.67166676443858,48,4.67166676443858,48,4.67166676443858,4.67166676443858,4.67166676443858,NA,1.26838460572944,NA,46,1.15668021928769,48,NA,1.15668021928769,1.15668021928769,NA,3.51498654515089,3.51498654515089,3.51498654515089,3.51498654515089,1.29838438441551,1.29838438441551,1.17958179030149,48,1.17958179030149,48,1.17958179030149,1.17958179030149,1.17958179030149,3.49208497413709,3.49208497413709,3.49208497413709,3.49208497413709,3.49208497413709,1.17038378529987,48,1.16812432080168,48,1.17038378529987,1.16812432080168,3.50128297913871,3.5035424436369,1.16812432080168,3.5035424436369,3.5035424436369,3.5035424436369,6.37,0.551803225298413,0.548208002219324,0.550006663051319
"D07_Bouldin_Alfalfa","2016-08-21",4.7007408077262,48,4.7007408077262,48,4.7007408077262,4.7007408077262,4.7007408077262,1.07486679210202,1.07486679210202,1.00991345987813,48,1.00991345987813,48,1.00991345987813,1.00991345987813,1.00991345987813,3.69082734784807,3.69082734784807,3.69082734784807,3.69082734784807,3.69082734784807,1.01101226777969,1.01101226777969,0.956367016998046,48,0.956367016998046,48,0.956367016998046,0.956367016998046,0.956367016998046,3.74437379072815,3.74437379072815,3.74437379072815,3.74437379072815,3.74437379072815,0.983140238438089,48,0.983140238438089,48,0.983140238438089,0.983140238438089,3.71760056928811,3.71760056928811,0.983140238438089,3.71760056928811,3.71760056928811,3.71760056928811,6.4,0.576691773101261,0.585058404801274,0.580875088951267
"D07_Bouldin_Alfalfa","2016-08-22",4.461171807771,48,4.461171807771,48,4.461171807771,4.461171807771,4.461171807771,1.03338169540138,1.03338169540138,0.961135141720955,48,0.961135141720955,48,0.961135141720955,0.961135141720955,0.961135141720955,3.50003666605005,3.50003666605005,3.50003666605005,3.50003666605005,3.50003666605005,NA,1.04116025378816,NA,47,0.959752190493458,48,NA,0.959752190493458,0.959752190493458,NA,3.50141961727754,3.50141961727754,3.50141961727754,3.50141961727754,0.958716569651624,48,0.960443666107206,48,0.958716569651624,0.960443666107206,3.50245523811938,3.50072814166379,0.960443666107206,3.50072814166379,3.50072814166379,3.50072814166379,6.07,0.576612300831968,0.576840134642099,0.576726217737034
"D07_Bouldin_Alfalfa","2016-08-23",4.5193412004705,48,4.5193412004705,48,4.5193412004705,4.5193412004705,4.5193412004705,1.43666468427156,1.43666468427156,1.28420970964135,48,1.28420970964135,48,1.28420970964135,1.28420970964135,1.28420970964135,3.23513149082915,3.23513149082915,3.23513149082915,3.23513149082915,3.23513149082915,1.39366491200908,1.39366491200908,1.2587312474542,48,1.2587312474542,48,1.2587312474542,1.2587312474542,1.2587312474542,3.2606099530163,3.2606099530163,3.2606099530163,3.2606099530163,3.2606099530163,1.27147047854778,48,1.27147047854778,48,1.27147047854778,1.27147047854778,3.24787072192272,3.24787072192272,1.27147047854778,3.24787072192272,3.24787072192272,3.24787072192272,6.05,0.534732477823001,0.538943793886991,0.536838135854996
"D07_Bouldin_Alfalfa","2016-08-24",4.59162847192104,48,4.59162847192104,48,4.59162847192104,4.59162847192104,4.59162847192104,1.30006231396383,1.30006231396383,1.2138886012994,48,1.2138886012994,48,1.2138886012994,1.2138886012994,1.2138886012994,3.37773987062164,3.37773987062164,3.37773987062164,3.37773987062164,3.37773987062164,1.1590744875823,1.1590744875823,1.12212355148595,48,1.12212355148595,48,1.12212355148595,1.12212355148595,1.12212355148595,3.46950492043509,3.46950492043509,3.46950492043509,3.46950492043509,3.46950492043509,1.16800607639267,48,1.16800607639267,48,1.16800607639267,1.16800607639267,3.42362239552837,3.42362239552837,1.16800607639267,3.42362239552837,3.42362239552837,3.42362239552837,5.99,0.56389647255787,0.579216180373138,0.571556326465504
"D07_Bouldin_Alfalfa","2016-08-25",4.53813393676176,48,4.53813393676176,48,4.53813393676176,4.53813393676176,4.53813393676176,NA,1.62008489025011,NA,47,1.428371648814,48,NA,1.428371648814,1.428371648814,NA,3.10976228794776,3.10976228794776,3.10976228794776,3.10976228794776,NA,1.55021330979788,NA,47,1.38629177405478,48,NA,1.38629177405478,1.38629177405478,NA,3.15184216270698,3.15184216270698,3.15184216270698,3.15184216270698,NA,47,1.40726908636112,48,NA,1.40726908636112,NA,3.13086485040064,1.40726908636112,3.13086485040064,3.13086485040064,3.13086485040064,5.84,0.532493542456809,0.539699000463523,0.536106994931617
"D07_Bouldin_Alfalfa","2016-08-26",3.99051070654032,48,3.99051070654032,48,3.99051070654032,3.99051070654032,3.99051070654032,1.64488651479086,1.64488651479086,1.40280423850457,48,1.40280423850457,48,1.40280423850457,1.40280423850457,1.40280423850457,2.58770646803575,2.58770646803575,2.58770646803575,2.58770646803575,2.58770646803575,1.60124639615119,1.60124639615119,1.36831151272667,48,1.36831151272667,48,1.36831151272667,1.36831151272667,1.36831151272667,2.62219919381365,2.62219919381365,2.62219919381365,2.62219919381365,2.62219919381365,1.38551987785835,48,1.38551987785835,48,1.38551987785835,1.38551987785835,2.60499082868197,2.60499082868197,1.38551987785835,2.60499082868197,2.60499082868197,2.60499082868197,5.45,0.474808526245092,0.481137466754797,0.4779799685655
"D07_Bouldin_Alfalfa","2016-08-27",4.0073734018512,48,4.0073734018512,48,4.0073734018512,4.0073734018512,4.0073734018512,1.96273544758578,1.96273544758578,1.64839657668482,48,1.64839657668482,48,1.64839657668482,1.64839657668482,1.64839657668482,2.35897682516638,2.35897682516638,2.35897682516638,2.35897682516638,2.35897682516638,NA,1.87555110064018,NA,47,1.59219498543173,48,NA,1.59219498543173,1.59219498543173,NA,2.41517841641947,2.41517841641947,2.41517841641947,2.41517841641947,1.62765836458663,48,1.62029563513402,48,1.62765836458663,1.62029563513402,2.37971503726457,2.38707776671718,1.62029563513402,2.38707776671718,2.38707776671718,2.38707776671718,5.32,0.443416696459846,0.453980905342006,0.448698828330297
"D07_Bouldin_Alfalfa","2016-08-28",4.28171252721084,48,4.28171252721084,48,4.28171252721084,4.28171252721084,4.28171252721084,NA,1.62288153801877,NA,47,1.41510077369098,48,NA,1.41510077369098,1.41510077369098,NA,2.86661175351986,2.86661175351986,2.86661175351986,2.86661175351986,NA,1.59318020737114,NA,47,1.40077520888562,48,NA,1.40077520888562,1.40077520888562,NA,2.88093731832522,2.88093731832522,2.88093731832522,2.88093731832522,NA,47,1.40766657512146,48,NA,1.40766657512146,NA,2.87404595208938,1.40766657512146,2.87404595208938,2.87404595208938,2.87404595208938,5.67,0.505575265171051,0.508101819810444,0.506886411303243
"D07_Bouldin_Alfalfa","2016-08-29",4.2059317860756,48,4.2059317860756,48,4.2059317860756,4.2059317860756,4.2059317860756,NA,1.25928162992058,NA,47,1.15904797165186,48,NA,1.15904797165186,1.15904797165186,NA,3.04688381442374,3.04688381442374,3.04688381442374,3.04688381442374,NA,1.37560085103886,NA,46,1.24959238196384,48,NA,1.24959238196384,1.24959238196384,NA,2.95633940411176,2.95633940411176,2.95633940411176,2.95633940411176,NA,47,1.20432017680785,48,NA,1.20432017680785,NA,3.00161160926775,1.20432017680785,3.00161160926775,3.00161160926775,3.00161160926775,5.88,0.518177519459819,0.502778810223088,0.510478164841454
"D07_Bouldin_Alfalfa","2016-08-30",4.84852743253296,48,4.84852743253296,48,4.84852743253296,4.84852743253296,4.84852743253296,0.266073982811536,0.266073982811536,0.452148717320348,48,0.452148717320348,48,0.452148717320348,0.452148717320348,0.452148717320348,4.39637871521261,4.39637871521261,4.39637871521261,4.39637871521261,4.39637871521261,NA,0.285957569238938,NA,47,0.462048032796371,48,NA,0.462048032796371,0.462048032796371,NA,4.38647939973659,4.38647939973659,4.38647939973659,4.38647939973659,0.454099930221,48,0.457031411415893,48,0.454099930221,0.457031411415893,4.39442750231196,4.39149602111707,0.457031411415893,4.39149602111707,4.39149602111707,4.39149602111707,6.3,0.697837891303589,0.69626657138676,0.697062860494773
"D07_Bouldin_Alfalfa","2016-08-31",4.4476387453962,48,4.4476387453962,48,4.4476387453962,4.4476387453962,4.4476387453962,NA,0.539631256550159,NA,45,0.615740329222997,48,NA,0.615740329222997,0.615740329222997,NA,3.8318984161732,3.8318984161732,3.8318984161732,3.8318984161732,NA,0.457466266232244,NA,45,0.546583993625162,48,NA,0.546583993625162,0.546583993625162,NA,3.90105475177104,3.90105475177104,3.90105475177104,3.90105475177104,NA,47,0.581162161424079,48,NA,0.581162161424079,NA,3.86647658397212,0.581162161424079,3.86647658397212,3.86647658397212,3.86647658397212,6.06,0.63232647131571,0.64373840788301,0.63803243959936
"D07_Bouldin_Alfalfa","2016-09-01",4.37203800427626,48,4.37203800427626,48,4.37203800427626,4.37203800427626,4.37203800427626,NA,2.0263750136907,NA,46,1.70762476106223,48,NA,1.70762476106223,1.70762476106223,NA,2.66441324321403,2.66441324321403,2.66441324321403,2.66441324321403,1.98272857526051,1.98272857526051,1.70408173086458,48,1.70408173086458,48,1.70408173086458,1.70408173086458,1.70408173086458,2.66795627341168,2.66795627341168,2.66795627341168,2.66795627341168,2.66795627341168,1.67659335173112,48,1.70445218666619,48,1.67659335173112,1.70445218666619,2.69544465254514,2.66758581761007,1.70445218666619,2.66758581761007,2.66758581761007,2.66758581761007,5.21,0.51140369351517,0.512083737698979,0.512012632938592
"D07_Bouldin_Alfalfa","2016-09-02",4.55414144832648,48,4.55414144832648,48,4.55414144832648,4.55414144832648,4.55414144832648,1.67837168976926,1.67837168976926,1.41200272187489,48,1.41200272187489,48,1.41200272187489,1.41200272187489,1.41200272187489,3.14213872645159,3.14213872645159,3.14213872645159,3.14213872645159,3.14213872645159,NA,1.71013047924992,NA,45,1.43989139221754,48,NA,1.43989139221754,1.43989139221754,NA,3.11425005610894,3.11425005610894,3.11425005610894,3.11425005610894,1.40203642567241,48,1.42505225162051,48,1.40203642567241,1.42505225162051,3.15210502265407,3.12908919670597,1.42505225162051,3.12908919670597,3.12908919670597,3.12908919670597,5.28,0.595102031524921,0.589820086384269,0.592630529679161
"D07_Bouldin_Alfalfa","2016-09-03",4.2290526043674,48,4.2290526043674,48,4.2290526043674,4.2290526043674,4.2290526043674,NA,1.6269628585313,NA,43,1.3802793344311,48,NA,1.3802793344311,1.3802793344311,NA,2.8487732699363,2.8487732699363,2.8487732699363,2.8487732699363,NA,1.20720937475488,NA,46,1.07971324242383,48,NA,1.07971324242383,1.07971324242383,NA,3.14933936194357,3.14933936194357,3.14933936194357,3.14933936194357,1.22319270037433,48,1.22894914643067,48,1.22319270037433,1.22894914643067,3.00585990399307,3.00010345793673,1.22894914643067,3.00010345793673,3.00010345793673,3.00010345793673,5.25,0.542623479987866,0.599874164179728,0.571448277702234
"D07_Bouldin_Alfalfa","2016-09-04",4.3307783272998,48,4.3307783272998,48,4.3307783272998,4.3307783272998,4.3307783272998,NA,1.687362582533,NA,47,1.42806911682498,48,NA,1.42806911682498,1.42806911682498,NA,2.90270921047482,2.90270921047482,2.90270921047482,2.90270921047482,NA,1.92893599647127,NA,47,1.63923656462955,48,NA,1.63923656462955,1.63923656462955,NA,2.69154176267025,2.69154176267025,2.69154176267025,2.69154176267025,1.52520690010048,48,1.53337592475428,48,1.52520690010048,1.53337592475428,2.80557142719932,2.79740240254552,1.53337592475428,2.79740240254552,2.79740240254552,2.79740240254552,4.59,0.632398520800615,0.586392540886766,0.609455861121028
"D07_Bouldin_Alfalfa","2016-09-05",4.3748379228816,48,4.3748379228816,48,4.3748379228816,4.3748379228816,4.3748379228816,NA,0.501748670091241,NA,43,0.546643373103727,48,NA,0.546643373103727,0.546643373103727,NA,3.82819454977787,3.82819454977787,3.82819454977787,3.82819454977787,NA,-0.0726026226992693,NA,47,0.147555108919942,48,NA,0.147555108919942,0.147555108919942,NA,4.22728281396166,4.22728281396166,4.22728281396166,4.22728281396166,0.346823370422234,48,0.346970009945557,48,0.346823370422234,0.346970009945557,4.02801455245937,4.02786791293604,0.346970009945557,4.02786791293604,4.02786791293604,4.02786791293604,5.35,0.715550383136051,0.790146320366665,0.752872507090849
"D07_Bouldin_Alfalfa","2016-09-06",4.1763015794754,48,4.1763015794754,48,4.1763015794754,4.1763015794754,4.1763015794754,NA,1.20265636237737,NA,47,0.975071085617436,48,NA,0.975071085617436,0.975071085617436,NA,3.20123049385796,3.20123049385796,3.20123049385796,3.20123049385796,NA,0.785721016143518,NA,44,0.695339834168183,48,NA,0.695339834168183,0.695339834168183,NA,3.48096174530722,3.48096174530722,3.48096174530722,3.48096174530722,0.825154417692556,48,0.8346034685273,48,0.825154417692556,0.8346034685273,3.35114716178284,3.3416981109481,0.8346034685273,3.3416981109481,3.3416981109481,3.3416981109481,5.04,0.635164780527374,0.690667012957781,0.66303533947383
"D07_Bouldin_Alfalfa","2016-09-07",4.6092714121962,48,4.6092714121962,48,4.6092714121962,4.6092714121962,4.6092714121962,NA,0.877220028068609,NA,39,0.708531079545857,48,NA,0.708531079545857,0.708531079545857,NA,3.90074033265034,3.90074033265034,3.90074033265034,3.90074033265034,NA,0.452506195925604,NA,47,0.422282769595246,48,NA,0.422282769595246,0.422282769595246,NA,4.18698864260095,4.18698864260095,4.18698864260095,4.18698864260095,NA,47,0.562022132747008,48,NA,0.562022132747008,NA,4.04724927944919,0.562022132747008,4.04724927944919,4.04724927944919,4.04724927944919,5.62,0.69408190972426,0.745015772704796,0.720151117339714
"D07_Bouldin_Alfalfa","2016-09-08",4.0262256483516,48,4.0262256483516,48,4.0262256483516,4.0262256483516,4.0262256483516,-0.0403788695145386,-0.0403788695145386,0.152212492561836,48,0.152212492561836,48,0.152212492561836,0.152212492561836,0.152212492561836,3.87401315578976,3.87401315578976,3.87401315578976,3.87401315578976,3.87401315578976,NA,-0.21818333916372,NA,47,0.0447849194489768,48,NA,0.0447849194489768,0.0447849194489768,NA,3.98144072890262,3.98144072890262,3.98144072890262,3.98144072890262,0.0996000126638388,48,0.0984970738926033,48,0.0996000126638388,0.0984970738926033,3.92662563568776,3.927728574459,0.0984970738926033,3.927728574459,3.927728574459,3.927728574459,5.85,0.662224471075173,0.680588158786773,0.671406593924615
"D07_Bouldin_Alfalfa","2016-09-09",4.349865675861,48,4.349865675861,48,4.349865675861,4.349865675861,4.349865675861,NA,0.382740291415699,NA,47,0.479930199836549,48,NA,0.479930199836549,0.479930199836549,NA,3.86993547602445,3.86993547602445,3.86993547602445,3.86993547602445,NA,0.0825538964684105,NA,47,0.298730886187848,48,NA,0.298730886187848,0.298730886187848,NA,4.05113478967315,4.05113478967315,4.05113478967315,4.05113478967315,0.382832054931142,48,0.3889420101665,48,0.382832054931142,0.3889420101665,3.96703362092986,3.9609236656945,0.3889420101665,3.9609236656945,3.9609236656945,3.9609236656945,5.43,0.712695299452017,0.746065338798002,0.729451872135267
"D07_Bouldin_Alfalfa","2016-09-10",4.3643244526002,48,4.3643244526002,48,4.3643244526002,4.3643244526002,4.3643244526002,NA,0.589691953485105,NA,47,0.650809541230817,48,NA,0.650809541230817,0.650809541230817,NA,3.71351491136938,3.71351491136938,3.71351491136938,3.71351491136938,0.0786536870261891,0.0786536870261891,0.304379686176893,48,0.304379686176893,48,0.304379686176893,0.304379686176893,0.304379686176893,4.05994476642331,4.05994476642331,4.05994476642331,4.05994476642331,4.05994476642331,0.469389815046067,48,0.477293004546367,48,0.469389815046067,0.477293004546367,3.89493463755413,3.88703144805383,0.477293004546367,3.88703144805383,3.88703144805383,3.88703144805383,5.49,0.676414373655625,0.739516350896777,0.708020300191955
"D07_Bouldin_Alfalfa","2016-09-11",3.5021317262526,48,3.5021317262526,48,3.5021317262526,3.5021317262526,3.5021317262526,NA,0.49900024650796,NA,47,0.522687711949288,48,NA,0.522687711949288,0.522687711949288,NA,2.97944401430331,2.97944401430331,2.97944401430331,2.97944401430331,1.05547262930824,1.05547262930824,0.940148762908665,48,0.940148762908665,48,0.940148762908665,0.940148762908665,0.940148762908665,2.56198296334394,2.56198296334394,2.56198296334394,2.56198296334394,2.56198296334394,0.733767486797952,48,0.730067466474145,48,0.733767486797952,0.730067466474145,2.76836423945465,2.77206425977846,0.730067466474145,2.77206425977846,2.77206425977846,2.77206425977846,5,0.595888802860662,0.512396592668787,0.554412851955691
"D07_Bouldin_Alfalfa","2016-09-12",3.86092759348494,48,3.86092759348494,48,3.86092759348494,3.86092759348494,3.86092759348494,NA,0.86957920567468,NA,47,0.820254148634508,48,NA,0.820254148634508,0.820254148634508,NA,3.04067344485043,3.04067344485043,3.04067344485043,3.04067344485043,NA,1.28825977669146,NA,47,1.11660687291376,48,NA,1.11660687291376,1.11660687291376,NA,2.74432072057118,2.74432072057118,2.74432072057118,2.74432072057118,0.971761300657878,48,0.967563255243684,48,0.971761300657878,0.967563255243684,2.88916629282706,2.89336433824126,0.967563255243684,2.89336433824126,2.89336433824126,2.89336433824126,4.49,0.677210121347535,0.611207287432333,0.644401857069322
"D07_Bouldin_Alfalfa","2016-09-13",3.9022754337342,48,3.9022754337342,48,3.9022754337342,3.9022754337342,3.9022754337342,NA,0.89352473951926,NA,45,0.796695625421994,48,NA,0.796695625421994,0.796695625421994,NA,3.10557980831221,3.10557980831221,3.10557980831221,3.10557980831221,NA,1.03237070317166,NA,47,0.905475417699718,48,NA,0.905475417699718,0.905475417699718,NA,2.99680001603448,2.99680001603448,2.99680001603448,2.99680001603448,NA,47,0.851085521560856,48,NA,0.851085521560856,NA,3.05118991217334,0.851085521560856,3.05118991217334,3.05118991217334,3.05118991217334,3.83,0.810856346817808,0.782454312280544,0.796655329549176
"D07_Bouldin_Alfalfa","2016-09-14",4.082767693974,48,4.082767693974,48,4.082767693974,4.082767693974,4.082767693974,NA,0.439011361889476,NA,46,0.499817349791592,48,NA,0.499817349791592,0.499817349791592,NA,3.58295034418241,3.58295034418241,3.58295034418241,3.58295034418241,0.689239339389993,0.689239339389993,0.669182868502028,48,0.669182868502028,48,0.669182868502028,0.669182868502028,0.669182868502028,3.41358482547197,3.41358482547197,3.41358482547197,3.41358482547197,3.41358482547197,0.590269373008718,48,0.584397779570781,48,0.590269373008718,0.584397779570781,3.49249832096528,3.49836991440322,0.584397779570781,3.49836991440322,3.49836991440322,3.49836991440322,4.22,0.849040365920002,0.808906356746913,0.828997610048156
"D07_Bouldin_Alfalfa","2016-09-15",4.0777203466062,48,4.0777203466062,48,4.0777203466062,4.0777203466062,4.0777203466062,NA,-0.344924788353809,NA,46,0.0039182635462401,48,NA,0.0039182635462401,0.0039182635462401,NA,4.07380208305996,4.07380208305996,4.07380208305996,4.07380208305996,-0.0718908687348198,-0.0718908687348198,0.187161826248458,48,0.187161826248458,48,0.187161826248458,0.187161826248458,0.187161826248458,3.89055852035774,3.89055852035774,3.89055852035774,3.89055852035774,3.89055852035774,0.0987332895462771,48,0.0955387316276006,48,0.0987332895462771,0.0955387316276006,3.97898705705992,3.9821816149786,0.0955387316276006,3.9821816149786,3.9821816149786,3.9821816149786,4.63,0.879870860272129,0.840293416923918,0.860082422241598
"D07_Bouldin_Alfalfa","2016-09-16",4.2783211799838,48,4.2783211799838,48,4.2783211799838,4.2783211799838,4.2783211799838,NA,0.0877644726261397,NA,45,0.235743717122136,48,NA,0.235743717122136,0.235743717122136,NA,4.04257746286166,4.04257746286166,4.04257746286166,4.04257746286166,NA,0.174387462712806,NA,47,0.28258094487842,48,NA,0.28258094487842,0.28258094487842,NA,3.99574023510538,3.99574023510538,3.99574023510538,3.99574023510538,0.269747434126909,48,0.258616683785748,48,0.269747434126909,0.258616683785748,4.00857374585689,4.01970449619805,0.258616683785748,4.01970449619805,4.01970449619805,4.01970449619805,4.83,0.836972559598688,0.827275410994903,0.832236955734586
"D07_Bouldin_Alfalfa","2016-09-17",4.454375888826,48,4.454375888826,48,4.454375888826,4.454375888826,4.454375888826,0.112453838618298,0.112453838618298,0.198532398605128,48,0.198532398605128,48,0.198532398605128,0.198532398605128,0.198532398605128,4.25584349022087,4.25584349022087,4.25584349022087,4.25584349022087,4.25584349022087,0.475480764395524,0.475480764395524,0.457234074681722,48,0.457234074681722,48,0.457234074681722,0.457234074681722,0.457234074681722,3.99714181414428,3.99714181414428,3.99714181414428,3.99714181414428,3.99714181414428,0.326739164732569,48,0.326739164732569,48,0.326739164732569,0.326739164732569,4.12763672409343,4.12763672409343,0.326739164732569,4.12763672409343,4.12763672409343,4.12763672409343,4.83,0.881127016608876,0.827565592990534,0.854583172690151
"D07_Bouldin_Alfalfa","2016-09-18",4.5979497785808,48,4.5979497785808,48,4.5979497785808,4.5979497785808,4.5979497785808,NA,0.14010317099793,NA,46,0.180654326197388,48,NA,0.180654326197388,0.180654326197388,NA,4.41729545238341,4.41729545238341,4.41729545238341,4.41729545238341,NA,0.499336059789175,NA,46,0.444577431216433,48,NA,0.444577431216433,0.444577431216433,NA,4.15337234736437,4.15337234736437,4.15337234736437,4.15337234736437,0.314743378658,48,0.312481856563552,48,0.314743378658,0.312481856563552,4.2832063999228,4.28546792201725,0.312481856563552,4.28546792201725,4.28546792201725,4.28546792201725,4.61,0.958198579692714,0.90094844845214,0.929602586120878
"D07_Bouldin_Alfalfa","2016-09-19",3.62752120629846,48,3.62752120629846,48,3.62752120629846,3.62752120629846,3.62752120629846,NA,-0.0239868782866557,NA,47,0.0656932217556,48,NA,0.0656932217556,0.0656932217556,NA,3.56182798454286,3.56182798454286,3.56182798454286,3.56182798454286,NA,0.246271766467991,NA,46,0.254654671952592,48,NA,0.254654671952592,0.254654671952592,NA,3.37286653434587,3.37286653434587,3.37286653434587,3.37286653434587,0.149227371355412,48,0.160014558610319,48,0.149227371355412,0.160014558610319,3.47829383494305,3.46750664768814,0.160014558610319,3.46750664768814,3.46750664768814,3.46750664768814,5.14,0.692962642907171,0.656199714853282,0.674612188266175
"D07_Bouldin_Alfalfa","2016-09-20",3.7607733808902,48,3.7607733808902,48,3.7607733808902,3.7607733808902,3.7607733808902,NA,0.475875650291531,NA,47,0.588776281180209,48,NA,0.588776281180209,0.588776281180209,NA,3.17199709970999,3.17199709970999,3.17199709970999,3.17199709970999,0.541812124519638,0.541812124519638,0.615800580628386,48,0.615800580628386,48,0.615800580628386,0.615800580628386,0.615800580628386,3.14497280026181,3.14497280026181,3.14497280026181,3.14497280026181,3.14497280026181,0.600417476400284,48,0.602287977257883,48,0.600417476400284,0.602287977257883,3.16035590448992,3.15848540363232,0.602287977257883,3.15848540363232,3.15848540363232,3.15848540363232,5.83,0.544081835284733,0.539446449444565,0.54176422017707
"D07_Bouldin_Alfalfa","2016-09-21",2.09346042284208,48,2.09346042284208,48,2.09346042284208,2.09346042284208,2.09346042284208,0.314129479270118,0.314129479270118,0.536159050589221,48,0.536159050589221,48,0.536159050589221,0.536159050589221,0.536159050589221,1.55730137225286,1.55730137225286,1.55730137225286,1.55730137225286,1.55730137225286,NA,0.394812481693824,NA,47,0.56070992464372,48,NA,0.56070992464372,0.56070992464372,NA,1.53275049819836,1.53275049819836,1.53275049819836,1.53275049819836,0.547878842775443,48,0.548405679870582,48,0.547878842775443,0.548405679870582,1.54558158006664,1.5450547429715,0.548405679870582,1.5450547429715,1.5450547429715,1.5450547429715,5.56,0.280090174865622,0.275674550035676,0.27788754369991
"D07_Bouldin_Alfalfa","2016-09-22",2.9026618793793,48,2.9026618793793,48,2.9026618793793,2.9026618793793,2.9026618793793,1.58811434410728,1.58811434410728,1.46673685386822,48,1.46673685386822,48,1.46673685386822,1.46673685386822,1.46673685386822,1.43592502551108,1.43592502551108,1.43592502551108,1.43592502551108,1.43592502551108,1.79063862350571,1.79063862350571,1.59545841244859,48,1.59545841244859,48,1.59545841244859,1.59545841244859,1.59545841244859,1.30720346693071,1.30720346693071,1.30720346693071,1.30720346693071,1.30720346693071,1.5310976331584,48,1.5310976331584,48,1.5310976331584,1.5310976331584,1.3715642462209,1.3715642462209,1.5310976331584,1.3715642462209,1.3715642462209,1.3715642462209,4.36,0.329340602181441,0.299817308929062,0.314578955555252
"D07_Bouldin_Alfalfa","2016-09-23",3.42791000565804,48,3.42791000565804,48,3.42791000565804,3.42791000565804,3.42791000565804,1.48528745301093,1.48528745301093,1.31000000840195,48,1.31000000840195,48,1.31000000840195,1.31000000840195,1.31000000840195,2.11790999725609,2.11790999725609,2.11790999725609,2.11790999725609,2.11790999725609,1.66043265615902,1.66043265615902,1.44998905198137,48,1.44998905198137,48,1.44998905198137,1.44998905198137,1.44998905198137,1.97792095367667,1.97792095367667,1.97792095367667,1.97792095367667,1.97792095367667,1.37999453019166,48,1.37999453019166,48,1.37999453019166,1.37999453019166,2.04791547546638,2.04791547546638,1.37999453019166,2.04791547546638,2.04791547546638,2.04791547546638,4.66,0.454487123874696,0.424446556582976,0.439466840228836
"D07_Bouldin_Alfalfa","2016-09-24",3.7785456272988,48,3.7785456272988,48,3.7785456272988,3.7785456272988,3.7785456272988,1.07137521431361,1.07137521431361,0.917998558917862,48,0.917998558917862,48,0.917998558917862,0.917998558917862,0.917998558917862,2.86054706838094,2.86054706838094,2.86054706838094,2.86054706838094,2.86054706838094,NA,1.07928396641361,NA,47,0.926154922515014,48,NA,0.926154922515014,0.926154922515014,NA,2.85239070478379,2.85239070478379,2.85239070478379,2.85239070478379,0.921744331889159,48,0.921992599116186,48,0.921744331889159,0.921992599116186,2.85680129540964,2.85655302818261,0.921992599116186,2.85655302818261,2.85655302818261,2.85655302818261,4.6,0.621858058343682,0.620084935822562,0.620989788735351
"D07_Bouldin_Alfalfa","2016-09-25",3.8534182867242,48,3.8534182867242,48,3.8534182867242,3.8534182867242,3.8534182867242,NA,0.481970888076772,NA,43,0.426111536950831,48,NA,0.426111536950831,0.426111536950831,NA,3.42730674977337,3.42730674977337,3.42730674977337,3.42730674977337,NA,0.379593869484824,NA,46,0.352519810593379,48,NA,0.352519810593379,0.352519810593379,NA,3.50089847613082,3.50089847613082,3.50089847613082,3.50089847613082,0.389344779445937,48,0.38912102626037,48,0.389344779445937,0.38912102626037,3.46407350727826,3.46429726046383,0.38912102626037,3.46429726046383,3.46429726046383,3.46429726046383,4.16,0.823871814849367,0.841562133685294,0.832763764534574
"D07_Bouldin_Alfalfa","2016-09-26",3.7309301130474,48,3.7309301130474,48,3.7309301130474,3.7309301130474,3.7309301130474,NA,0.17178241324619,NA,46,0.215223559475061,48,NA,0.215223559475061,0.215223559475061,NA,3.51570655357234,3.51570655357234,3.51570655357234,3.51570655357234,NA,0.0447457709862336,NA,47,0.120576967516141,48,NA,0.120576967516141,0.120576967516141,NA,3.61035314553126,3.61035314553126,3.61035314553126,3.61035314553126,0.166525535078604,48,0.167867676533302,48,0.166525535078604,0.167867676533302,3.5644045779688,3.5630624365141,0.167867676533302,3.5630624365141,3.5630624365141,3.5630624365141,4.44,0.79182580035413,0.813142600344878,0.802491539755427
"D07_Bouldin_Alfalfa","2016-09-27",3.75538807431,48,3.75538807431,48,3.75538807431,3.75538807431,3.75538807431,NA,0.321656982579042,NA,46,0.311004645615991,48,NA,0.311004645615991,0.311004645615991,NA,3.44438342869401,3.44438342869401,3.44438342869401,3.44438342869401,NA,0.264129327114737,NA,47,0.265271096763649,48,NA,0.265271096763649,0.265271096763649,NA,3.49011697754635,3.49011697754635,3.49011697754635,3.49011697754635,0.285933418287263,48,0.28813787118982,48,0.285933418287263,0.28813787118982,3.46945465602274,3.46725020312018,0.28813787118982,3.46725020312018,3.46725020312018,3.46725020312018,4.56,0.755347243134651,0.765376530163674,0.760361886649162
"D07_Bouldin_Alfalfa","2016-09-28",3.523518666846,48,3.523518666846,48,3.523518666846,3.523518666846,3.523518666846,NA,0.0413480934037446,NA,46,0.129448294822087,48,NA,0.129448294822087,0.129448294822087,NA,3.39407037202391,3.39407037202391,3.39407037202391,3.39407037202391,NA,0.0414525778608176,NA,47,0.123189659725962,48,NA,0.123189659725962,0.123189659725962,NA,3.40032900712004,3.40032900712004,3.40032900712004,3.40032900712004,0.125417153069822,48,0.12619142489452,48,0.125417153069822,0.12619142489452,3.39810151377618,3.39732724195148,0.12619142489452,3.39732724195148,3.39732724195148,3.39732724195148,4.7,0.722142632345513,0.723474256834051,0.722835583393932
"D07_Bouldin_Alfalfa","2016-09-29",3.15583594171542,48,3.15583594171542,48,3.15583594171542,3.15583594171542,3.15583594171542,0.208652744020421,0.208652744020421,0.33943348234533,48,0.33943348234533,48,0.33943348234533,0.33943348234533,0.33943348234533,2.81640245937009,2.81640245937009,2.81640245937009,2.81640245937009,2.81640245937009,NA,0.167194217418584,NA,45,0.306052619802987,48,NA,0.306052619802987,0.306052619802987,NA,2.84978332191243,2.84978332191243,2.84978332191243,2.84978332191243,0.326240799967351,48,0.322743051074159,48,0.326240799967351,0.322743051074159,2.82959514174807,2.83309289064126,0.322743051074159,2.83309289064126,2.83309289064126,2.83309289064126,4.7,0.599234565823423,0.606336877002645,0.602785721413034
"D07_Bouldin_Alfalfa","2016-09-30",2.6293006316538,48,2.6293006316538,48,2.6293006316538,2.6293006316538,2.6293006316538,0.743048507421705,0.743048507421705,0.726645968307074,48,0.726645968307074,48,0.726645968307074,0.726645968307074,0.726645968307074,1.90265466334673,1.90265466334673,1.90265466334673,1.90265466334673,1.90265466334673,0.661777570499012,0.661777570499012,0.664178567463797,48,0.664178567463797,48,0.664178567463797,0.664178567463797,0.664178567463797,1.96512206419,1.96512206419,1.96512206419,1.96512206419,1.96512206419,0.695400791746192,48,0.695400791746192,48,0.695400791746192,0.695400791746192,1.93389983990761,1.93389983990761,0.695400791746192,1.93389983990761,1.93389983990761,1.93389983990761,4.51,0.421874648192179,0.435725513124169,0.428802625256676
"D07_Bouldin_Alfalfa","2016-10-01",2.4316606148544,48,2.4316606148544,48,2.4316606148544,2.4316606148544,2.4316606148544,0.360050681387597,0.360050681387597,0.518913675247111,48,0.518913675247111,48,0.518913675247111,0.518913675247111,0.518913675247111,1.91274693960729,1.91274693960729,1.91274693960729,1.91274693960729,1.91274693960729,0.333877999354323,0.333877999354323,0.495884455273873,48,0.495884455273873,48,0.495884455273873,0.495884455273873,0.495884455273873,1.93577615958053,1.93577615958053,1.93577615958053,1.93577615958053,1.93577615958053,0.507399065260492,48,0.507399065260492,48,0.507399065260492,0.507399065260492,1.92426154959391,1.92426154959391,0.507399065260492,1.92426154959391,1.92426154959391,1.92426154959391,4.01,0.476994249278626,0.482737196902875,0.47986572309075
"D07_Bouldin_Alfalfa","2016-10-02",1.27310778168354,48,1.27310778168354,48,1.27310778168354,1.27310778168354,1.27310778168354,-0.0427714813597231,-0.0427714813597231,0.169073020106135,48,0.169073020106135,48,0.169073020106135,0.169073020106135,0.169073020106135,1.10403476157741,1.10403476157741,1.10403476157741,1.10403476157741,1.10403476157741,0.104373494430628,0.104373494430628,0.271251548909476,48,0.271251548909476,48,0.271251548909476,0.271251548909476,0.271251548909476,1.00185623277406,1.00185623277406,1.00185623277406,1.00185623277406,1.00185623277406,0.220162284507805,48,0.220162284507805,48,0.220162284507805,0.220162284507805,1.05294549717573,1.05294549717573,0.220162284507805,1.05294549717573,1.05294549717573,1.05294549717573,3.48,0.317251368269369,0.287889722061513,0.302570545165441
"D07_Bouldin_Alfalfa","2016-10-03",1.181240916732,48,1.181240916732,48,1.181240916732,1.181240916732,1.181240916732,NA,0.360900573803734,NA,46,0.363940852476615,48,NA,0.363940852476615,0.363940852476615,NA,0.817300064255385,0.817300064255385,0.817300064255385,0.817300064255385,NA,0.11439388351096,NA,47,0.191013045034336,48,NA,0.191013045034336,0.191013045034336,NA,0.990227871697664,0.990227871697664,0.990227871697664,0.990227871697664,0.261057641382077,48,0.277169253710447,48,0.261057641382077,0.277169253710447,0.920183275349923,0.904071663021553,0.277169253710447,0.904071663021553,0.904071663021553,0.904071663021553,1.99,0.410703549877078,0.497601945576716,0.454307368352539
"D07_Bouldin_Alfalfa","2016-10-04",2.61913393691208,48,2.61913393691208,48,2.61913393691208,2.61913393691208,2.61913393691208,0.630303693397364,0.630303693397364,0.640175064410103,48,0.640175064410103,48,0.640175064410103,0.640175064410103,0.640175064410103,1.97895887250198,1.97895887250198,1.97895887250198,1.97895887250198,1.97895887250198,NA,0.374649133230339,NA,47,0.4555861732378,48,NA,0.4555861732378,0.4555861732378,NA,2.16354776367428,2.16354776367428,2.16354776367428,2.16354776367428,0.549613156854692,48,0.547880618823951,48,0.549613156854692,0.547880618823951,2.06952078005739,2.07125331808813,0.547880618823951,2.07125331808813,2.07125331808813,2.07125331808813,3.21,0.616498091122111,0.674002418590118,0.645250254856115
"D07_Bouldin_Alfalfa","2016-10-05",2.685159411912,48,2.685159411912,48,2.685159411912,2.685159411912,2.685159411912,0.196391012904667,0.196391012904667,0.362351533557862,48,0.362351533557862,48,0.362351533557862,0.362351533557862,0.362351533557862,2.32280787835414,2.32280787835414,2.32280787835414,2.32280787835414,2.32280787835414,-0.143262605755391,-0.143262605755391,0.128196892963324,48,0.128196892963324,48,0.128196892963324,0.128196892963324,0.128196892963324,2.55696251894868,2.55696251894868,2.55696251894868,2.55696251894868,2.55696251894868,0.245274213260593,48,0.245274213260593,48,0.245274213260593,0.245274213260593,2.43988519865141,2.43988519865141,0.245274213260593,2.43988519865141,2.43988519865141,2.43988519865141,3.73,0.622736696609688,0.685512739664524,0.654124718137106
"D07_Bouldin_Alfalfa","2016-10-06",3.07964303727984,48,3.07964303727984,48,3.07964303727984,3.07964303727984,3.07964303727984,NA,0.810513068078372,NA,47,0.692073988960862,48,NA,0.692073988960862,0.692073988960862,NA,2.38756904831898,2.38756904831898,2.38756904831898,2.38756904831898,NA,0.378569843193644,NA,46,0.379998100399285,48,NA,0.379998100399285,0.379998100399285,NA,2.69964493688055,2.69964493688055,2.69964493688055,2.69964493688055,0.543116931290192,48,0.534502931163581,48,0.543116931290192,0.534502931163581,2.53652610598965,2.54514010611626,0.534502931163581,2.54514010611626,2.54514010611626,2.54514010611626,3.82,0.625018075476172,0.706713334261925,0.666267043485932
"D07_Bouldin_Alfalfa","2016-10-07",2.95644294517518,48,2.95644294517518,48,2.95644294517518,2.95644294517518,2.95644294517518,NA,0.887252485377947,NA,44,0.748725470068203,48,NA,0.748725470068203,0.748725470068203,NA,2.20771747510698,2.20771747510698,2.20771747510698,2.20771747510698,0.567281800889322,0.567281800889322,0.492483499465948,48,0.492483499465948,48,0.492483499465948,0.492483499465948,0.492483499465948,2.46395944570923,2.46395944570923,2.46395944570923,2.46395944570923,2.46395944570923,0.611299674323829,48,0.619009928212718,48,0.611299674323829,0.619009928212718,2.34514327085135,2.33743301696246,0.619009928212718,2.33743301696246,2.33743301696246,2.33743301696246,3.37,0.65510904305845,0.731145236115499,0.693600301769277
"D07_Bouldin_Alfalfa","2016-10-08",3.1761774128322,48,3.1761774128322,48,3.1761774128322,3.1761774128322,3.1761774128322,NA,0.663683389623132,NA,45,0.564978040499027,48,NA,0.564978040499027,0.564978040499027,NA,2.61119937233317,2.61119937233317,2.61119937233317,2.61119937233317,NA,0.468073037873939,NA,47,0.404505046514716,48,NA,0.404505046514716,0.404505046514716,NA,2.77167236631748,2.77167236631748,2.77167236631748,2.77167236631748,0.488215534865021,48,0.484021605235761,48,0.488215534865021,0.484021605235761,2.68796187796718,2.69215580759644,0.484021605235761,2.69215580759644,2.69215580759644,2.69215580759644,3.23,0.808420858307484,0.858102899788695,0.833484770153696
"D07_Bouldin_Alfalfa","2016-10-09",3.02436099176454,48,3.02436099176454,48,3.02436099176454,3.02436099176454,3.02436099176454,0.17799563782253,0.17799563782253,0.20677075247398,48,0.20677075247398,48,0.20677075247398,0.20677075247398,0.20677075247398,2.81759023929056,2.81759023929056,2.81759023929056,2.81759023929056,2.81759023929056,NA,-0.0327097786623726,NA,44,0.0605948779412066,48,NA,0.0605948779412066,0.0605948779412066,NA,2.96376611382333,2.96376611382333,2.96376611382333,2.96376611382333,0.133508283888998,48,0.133400929547429,48,0.133508283888998,0.133400929547429,2.89085270787554,2.89096006221711,0.133400929547429,2.89096006221711,2.89096006221711,2.89096006221711,3.66,0.769833398713268,0.809772162246812,0.789879798419976
"D07_Bouldin_Alfalfa","2016-10-10",2.296726725834,48,2.296726725834,48,2.296726725834,2.296726725834,2.296726725834,-0.197339568971787,-0.197339568971787,0.0636134475219191,48,0.0636134475219191,48,0.0636134475219191,0.0636134475219191,0.0636134475219191,2.23311327831208,2.23311327831208,2.23311327831208,2.23311327831208,2.23311327831208,NA,-0.875228156864393,NA,47,-0.393051643346792,48,NA,-0.393051643346792,-0.393051643346792,NA,2.68977836918079,2.68977836918079,2.68977836918079,2.68977836918079,-0.16571407020259,48,-0.167383755176117,48,-0.16571407020259,-0.167383755176117,2.46244079603659,2.46411048101012,-0.167383755176117,2.46411048101012,2.46411048101012,2.46411048101012,4.09,0.545993466579971,0.657647523027089,0.602472000246972
"D07_Bouldin_Alfalfa","2016-10-11",2.0541013990884,48,2.0541013990884,48,2.0541013990884,2.0541013990884,2.0541013990884,NA,0.664149505817236,NA,47,0.671461304187923,48,NA,0.671461304187923,0.671461304187923,NA,1.38264009490048,1.38264009490048,1.38264009490048,1.38264009490048,NA,0.186119692838126,NA,47,0.336396474605422,48,NA,0.336396474605422,0.336396474605422,NA,1.71770492448298,1.71770492448298,1.71770492448298,1.71770492448298,0.517799107773912,48,0.50294184326404,48,0.517799107773912,0.50294184326404,1.53630229131449,1.55115955582436,0.50294184326404,1.55115955582436,1.55115955582436,1.55115955582436,3.23,0.428061948885597,0.531797190242408,0.480235156601969
"D07_Bouldin_Alfalfa","2016-10-12",2.37918730427172,48,2.37918730427172,48,2.37918730427172,2.37918730427172,2.37918730427172,NA,0.890097180160751,NA,46,0.821052222909467,48,NA,0.821052222909467,0.821052222909467,NA,1.55813508136225,1.55813508136225,1.55813508136225,1.55813508136225,0.52810721030572,0.52810721030572,0.558960206326475,48,0.558960206326475,48,0.558960206326475,0.558960206326475,0.558960206326475,1.82022709794524,1.82022709794524,1.82022709794524,1.82022709794524,1.82022709794524,0.672258945080934,48,0.687699472543882,48,0.672258945080934,0.687699472543882,1.70692835919079,1.69148783172784,0.687699472543882,1.69148783172784,1.69148783172784,1.69148783172784,2.92,0.533607904576114,0.623365444501796,0.579276654701314
"D07_Bouldin_Alfalfa","2016-10-13",2.04895339865082,48,2.04895339865082,48,2.04895339865082,2.04895339865082,2.04895339865082,0.812439470650408,0.812439470650408,0.707559192426857,48,0.707559192426857,48,0.707559192426857,0.707559192426857,0.707559192426857,1.34139420622396,1.34139420622396,1.34139420622396,1.34139420622396,1.34139420622396,NA,0.490600677101785,NA,47,0.460889706555754,48,NA,0.460889706555754,0.460889706555754,NA,1.58806369209507,1.58806369209507,1.58806369209507,1.58806369209507,0.58702656247401,48,0.584051421716572,48,0.58702656247401,0.584051421716572,1.46192683617681,1.46490197693425,0.584051421716572,1.46490197693425,1.46490197693425,1.46490197693425,2.89,0.464150244368153,0.549503007645352,0.506886497209082
"D07_Bouldin_Alfalfa","2016-10-14",0.11758849979094,48,0.11758849979094,48,0.11758849979094,0.11758849979094,0.11758849979094,NA,0.0508817343768664,NA,46,0.0605542945372863,48,NA,0.0605542945372863,0.0605542945372863,NA,0.0570342052536537,0.0570342052536537,0.0570342052536537,0.0570342052536537,NA,-0.0439505159553941,NA,46,0.00319267020556364,48,NA,0.00319267020556364,0.00319267020556364,NA,0.114395829585376,0.114395829585376,0.114395829585376,0.114395829585376,0.0391494930318758,48,0.0295447944706557,48,0.0391494930318758,0.0295447944706557,0.0784390067590642,0.0880437053202843,0.0295447944706557,0.0880437053202843,0.0880437053202843,0.0880437053202843,1.39,0.0410318023407581,0.0822991579750909,0.0633407951944492
"D07_Bouldin_Alfalfa","2016-10-15",1.17147022202394,48,1.17147022202394,48,1.17147022202394,1.17147022202394,1.17147022202394,NA,-0.296753138126154,NA,45,-0.07871436725034,48,NA,-0.07871436725034,-0.07871436725034,NA,1.25018458927428,1.25018458927428,1.25018458927428,1.25018458927428,NA,-0.344376283295843,NA,44,-0.110223553565363,48,NA,-0.110223553565363,-0.110223553565363,NA,1.2816937755893,1.2816937755893,1.2816937755893,1.2816937755893,NA,47,-0.0948484606833472,48,NA,-0.0948484606833472,NA,1.26631868270729,-0.0948484606833472,1.26631868270729,1.26631868270729,1.26631868270729,2.36,0.529739232743339,0.543090582876823,0.536575713011562
"D07_Bouldin_Alfalfa","2016-10-16",-0.3931824824001,48,-0.3931824824001,48,-0.3931824824001,-0.3931824824001,-0.3931824824001,NA,-0.306875512764904,NA,44,-0.134991952576265,48,NA,-0.134991952576265,-0.134991952576265,NA,-0.258190529823835,-0.258190529823835,-0.258190529823835,-0.258190529823835,-0.359042401229016,-0.359042401229016,-0.171700902992395,48,-0.171700902992395,48,-0.171700902992395,-0.171700902992395,-0.171700902992395,-0.221481579407705,-0.221481579407705,-0.221481579407705,-0.221481579407705,-0.221481579407705,-0.1488333878508,48,-0.153422863023024,48,-0.1488333878508,-0.153422863023024,-0.2443490945493,-0.239759619377076,-0.153422863023024,-0.239759619377076,-0.239759619377076,-0.239759619377076,1.35,-0.191252244313952,-0.164060429190892,-0.177599718057093
"D07_Bouldin_Alfalfa","2016-10-17",1.8483870958884,48,1.8483870958884,48,1.8483870958884,1.8483870958884,1.8483870958884,-0.257340530675828,-0.257340530675828,0.0329810924147753,48,0.0329810924147753,48,0.0329810924147753,0.0329810924147753,0.0329810924147753,1.81540600347362,1.81540600347362,1.81540600347362,1.81540600347362,1.81540600347362,-0.496951816825401,-0.496951816825401,-0.137580933639794,48,-0.137580933639794,48,-0.137580933639794,-0.137580933639794,-0.137580933639794,1.98596802952819,1.98596802952819,1.98596802952819,1.98596802952819,1.98596802952819,-0.0522999206125092,48,-0.0522999206125092,48,-0.0522999206125092,-0.0522999206125092,1.90068701650091,1.90068701650091,-0.0522999206125092,1.90068701650091,1.90068701650091,1.90068701650091,2.34,0.775814531398985,0.84870428612316,0.812259408761072
"D07_Bouldin_Alfalfa","2016-10-18",2.0034809866224,48,2.0034809866224,48,2.0034809866224,2.0034809866224,2.0034809866224,NA,0.0388646599516807,NA,47,0.185054372777375,48,NA,0.185054372777375,0.185054372777375,NA,1.81842661384502,1.81842661384502,1.81842661384502,1.81842661384502,-0.0932611509904917,-0.0932611509904917,0.0952495371292711,48,0.0952495371292711,48,0.0952495371292711,0.0952495371292711,0.0952495371292711,1.90823144949313,1.90823144949313,1.90823144949313,1.90823144949313,1.90823144949313,0.130535573752579,48,0.14004404421331,48,0.130535573752579,0.14004404421331,1.87294541286982,1.86343694240909,0.14004404421331,1.86343694240909,1.86343694240909,1.86343694240909,2.82,0.644832132569158,0.676677818969195,0.660793241989039
"D07_Bouldin_Alfalfa","2016-10-19",2.24849994622452,48,2.24849994622452,48,2.24849994622452,2.24849994622452,2.24849994622452,NA,0.232078436558579,NA,47,0.279691635864677,48,NA,0.279691635864677,0.279691635864677,NA,1.96880831035984,1.96880831035984,1.96880831035984,1.96880831035984,NA,0.0350585508578401,NA,45,0.148945160452484,48,NA,0.148945160452484,0.148945160452484,NA,2.09955478577204,2.09955478577204,2.09955478577204,2.09955478577204,0.219288028520157,48,0.214285535407091,48,0.219288028520157,0.214285535407091,2.02921191770436,2.03421441081743,0.214285535407091,2.03421441081743,2.03421441081743,2.03421441081743,3.16,0.623040604544254,0.664416071446847,0.643738737600452
"D07_Bouldin_Alfalfa","2016-10-20",2.3988565304334,48,2.3988565304334,48,2.3988565304334,2.3988565304334,2.3988565304334,NA,0.657859604456727,NA,42,0.551996125754664,48,NA,0.551996125754664,0.551996125754664,NA,1.84686040467874,1.84686040467874,1.84686040467874,1.84686040467874,NA,0.420137009730637,NA,46,0.379271127309147,48,NA,0.379271127309147,0.379271127309147,NA,2.01958540312425,2.01958540312425,2.01958540312425,2.01958540312425,0.440615416614453,48,0.457655452519695,48,0.440615416614453,0.457655452519695,1.95824111381895,1.9412010779137,0.457655452519695,1.9412010779137,1.9412010779137,1.9412010779137,2.73,0.676505642739464,0.739774872939287,0.711062665902456
"D07_Bouldin_Alfalfa","2016-10-21",2.3933830605804,48,2.3933830605804,48,2.3933830605804,2.3933830605804,2.3933830605804,NA,0.40362998274684,NA,45,0.354616316875633,48,NA,0.354616316875633,0.354616316875633,NA,2.03876674370477,2.03876674370477,2.03876674370477,2.03876674370477,NA,0.400274658115713,NA,46,0.353578411300728,48,NA,0.353578411300728,0.353578411300728,NA,2.03980464927967,2.03980464927967,2.03980464927967,2.03980464927967,NA,47,0.353867261402982,48,NA,0.353867261402982,NA,2.03951579917742,0.353867261402982,2.03951579917742,2.03951579917742,2.03951579917742,2.61,0.781136683411788,0.781534348383016,0.781423677845754
"D07_Bouldin_Alfalfa","2016-10-22",2.206506310002,48,2.206506310002,48,2.206506310002,2.206506310002,2.206506310002,NA,0.732889695138959,NA,44,0.628839395266536,48,NA,0.628839395266536,0.628839395266536,NA,1.57766691473546,1.57766691473546,1.57766691473546,1.57766691473546,0.328902768476771,0.328902768476771,0.322700406362731,48,0.322700406362731,48,0.322700406362731,0.322700406362731,0.322700406362731,1.88380590363927,1.88380590363927,1.88380590363927,1.88380590363927,1.88380590363927,0.471115697268653,48,0.473174776067296,48,0.471115697268653,0.473174776067296,1.73539061273335,1.7333315339347,0.473174776067296,1.7333315339347,1.7333315339347,1.7333315339347,2.35,0.671347623291687,0.801619533463519,0.737587886780725
"D07_Bouldin_Alfalfa","2016-10-23",2.13373781402076,48,2.13373781402076,48,2.13373781402076,2.13373781402076,2.13373781402076,NA,0.500969617854233,NA,47,0.455123360953007,48,NA,0.455123360953007,0.455123360953007,NA,1.67861445306775,1.67861445306775,1.67861445306775,1.67861445306775,NA,0.339895983817325,NA,46,0.328244819865495,48,NA,0.328244819865495,0.328244819865495,NA,1.80549299415526,1.80549299415526,1.80549299415526,1.80549299415526,NA,47,0.390814717266444,48,NA,0.390814717266444,NA,1.74292309675432,0.390814717266444,1.74292309675432,1.74292309675432,1.74292309675432,2.58,0.650625757003005,0.699803486106692,0.67555158788927
"D07_Bouldin_Alfalfa","2016-10-24",0.60298756145802,48,0.60298756145802,48,0.60298756145802,0.60298756145802,0.60298756145802,NA,0.287302536327853,NA,46,0.274101922146736,48,NA,0.274101922146736,0.274101922146736,NA,0.328885639311284,0.328885639311284,0.328885639311284,0.328885639311284,NA,0.147375761175133,NA,47,0.166773769276634,48,NA,0.166773769276634,0.166773769276634,NA,0.436213792181386,0.436213792181386,0.436213792181386,0.436213792181386,NA,47,0.220010739240268,48,NA,0.220010739240268,NA,0.382976822217753,0.220010739240268,0.382976822217753,0.382976822217753,0.382976822217753,2.06,0.159653222966643,0.211754268049217,0.185911078746482
"D07_Bouldin_Alfalfa","2016-10-25",-0.1554318499464,48,-0.1554318499464,48,-0.1554318499464,-0.1554318499464,-0.1554318499464,NA,0.304400620695423,NA,44,0.265225827873856,48,NA,0.265225827873856,0.265225827873856,NA,-0.420657677820256,-0.420657677820256,-0.420657677820256,-0.420657677820256,NA,0.344627288890264,NA,47,0.290728093170319,48,NA,0.290728093170319,0.290728093170319,NA,-0.446159943116719,-0.446159943116719,-0.446159943116719,-0.446159943116719,0.280704767982926,48,0.277468637173246,48,0.280704767982926,0.277468637173246,-0.436136617929326,-0.432900487119646,0.277468637173246,-0.432900487119646,-0.432900487119646,-0.432900487119646,1.85,-0.22738252855149,-0.241167536819848,-0.234000263307917
"D07_Bouldin_Alfalfa","2016-10-26",2.00389682339244,48,2.00389682339244,48,2.00389682339244,2.00389682339244,2.00389682339244,NA,0.269774302897038,NA,46,0.29482215343519,48,NA,0.29482215343519,0.29482215343519,NA,1.70907466995725,1.70907466995725,1.70907466995725,1.70907466995725,NA,0.441479984670698,NA,45,0.408144136450864,48,NA,0.408144136450864,0.408144136450864,NA,1.59575268694158,1.59575268694158,1.59575268694158,1.59575268694158,NA,47,0.350640999064502,48,NA,0.350640999064502,NA,1.65325582432794,0.350640999064502,1.65325582432794,1.65325582432794,1.65325582432794,2.34,0.730373790580021,0.681945592710075,0.706519583046127
"D07_Bouldin_Alfalfa","2016-10-27",0.27458598252348,48,0.27458598252348,48,0.27458598252348,0.27458598252348,0.27458598252348,NA,0.209593579618971,NA,40,0.17501229769935,48,NA,0.17501229769935,0.17501229769935,NA,0.0995736848241298,0.0995736848241298,0.0995736848241298,0.0995736848241298,NA,0.192806713496275,NA,44,0.160370808431521,48,NA,0.160370808431521,0.160370808431521,NA,0.114215174091959,0.114215174091959,0.114215174091959,0.114215174091959,NA,47,0.167568929998631,48,NA,0.167568929998631,NA,0.107017052524849,0.167568929998631,0.107017052524849,0.107017052524849,0.107017052524849,1.16,0.0858393834690775,0.0984613569758266,0.0922560797628012
"D07_Bouldin_Alfalfa","2016-10-28",0.4572477939681,48,0.4572477939681,48,0.4572477939681,0.4572477939681,0.4572477939681,NA,0.113017247281691,NA,39,0.105316622560578,48,NA,0.105316622560578,0.105316622560578,NA,0.351931171407522,0.351931171407522,0.351931171407522,0.351931171407522,NA,0.0668968735886425,NA,44,0.0696633120167806,48,NA,0.0696633120167806,0.0696633120167806,NA,0.387584481951319,0.387584481951319,0.387584481951319,0.387584481951319,NA,47,0.0873297835983644,48,NA,0.0873297835983644,NA,0.369918010369736,0.0873297835983644,0.369918010369736,0.369918010369736,0.369918010369736,1.28,0.274946227662126,0.302800376524468,0.288998445601356
"D07_Bouldin_Alfalfa","2016-10-29",1.53097947707202,48,1.53097947707202,48,1.53097947707202,1.53097947707202,1.53097947707202,NA,0.289275682262895,NA,46,0.290234934133803,48,NA,0.290234934133803,0.290234934133803,NA,1.24074454293822,1.24074454293822,1.24074454293822,1.24074454293822,0.249553411571141,0.249553411571141,0.256661905369301,48,0.256661905369301,48,0.256661905369301,0.256661905369301,0.256661905369301,1.27431757170272,1.27431757170272,1.27431757170272,1.27431757170272,1.27431757170272,0.273569318561148,48,0.273348796274455,48,0.273569318561148,0.273348796274455,1.25741015851087,1.25763068079756,0.273348796274455,1.25763068079756,1.25763068079756,1.25763068079756,1.81,0.685494222617799,0.70404285729432,0.694823580551141
"D07_Bouldin_Alfalfa","2016-10-30",0.0553408210305,48,0.0553408210305,48,0.0553408210305,0.0553408210305,0.0553408210305,NA,-0.366672406001888,NA,45,-0.169322650445734,48,NA,-0.169322650445734,-0.169322650445734,NA,0.224663471476234,0.224663471476234,0.224663471476234,0.224663471476234,NA,-0.426629057000689,NA,44,-0.208173700702768,48,NA,-0.208173700702768,-0.208173700702768,NA,0.263514521733268,0.263514521733268,0.263514521733268,0.263514521733268,NA,46,-0.188840774441088,48,NA,-0.188840774441088,NA,0.244181595471589,-0.188840774441088,0.244181595471589,0.244181595471589,0.244181595471589,1.6,0.140414669672646,0.164696576083293,0.152613497169743
"D07_Bouldin_Alfalfa","2016-10-31",0.98378898158124,48,0.98378898158124,48,0.98378898158124,0.98378898158124,0.98378898158124,NA,-0.0533199858707786,NA,46,0.045236391349924,48,NA,0.045236391349924,0.045236391349924,NA,0.938552590231316,0.938552590231316,0.938552590231316,0.938552590231316,NA,-0.0454578936048891,NA,47,0.05349785986094,48,NA,0.05349785986094,0.05349785986094,NA,0.9302911217203,0.9302911217203,0.9302911217203,0.9302911217203,0.0441668193579032,48,0.048697997023006,48,0.0441668193579032,0.048697997023006,0.939622162223337,0.935090984558234,0.048697997023006,0.935090984558234,0.935090984558234,0.935090984558234,1.53,0.613433065510664,0.608033412889085,0.611170578142637
"D07_Bouldin_Alfalfa","2016-11-01",NA,47,1.1370527497107,48,NA,1.1370527497107,1.1370527497107,NA,0.15398865827623,NA,46,0.187506244166682,48,NA,0.187506244166682,0.187506244166682,NA,0.949546505544018,0.949546505544018,0.949546505544018,0.949546505544018,NA,0.121527009379727,NA,43,0.159166572932417,48,NA,0.159166572932417,0.159166572932417,NA,0.977886176778283,0.977886176778283,0.977886176778283,0.977886176778283,NA,47,0.173058069768772,48,NA,0.173058069768772,NA,0.963994679941928,0.173058069768772,0.963994679941928,0.963994679941928,0.963994679941928,1.71,0.555290354119309,0.57186326127385,0.563739578913408
"D07_Bouldin_Alfalfa","2016-11-02",1.9458626143779,48,1.9458626143779,48,1.9458626143779,1.9458626143779,1.9458626143779,NA,0.516338670039128,NA,45,0.44400916682311,48,NA,0.44400916682311,0.44400916682311,NA,1.50185344755479,1.50185344755479,1.50185344755479,1.50185344755479,NA,0.386780228695113,NA,47,0.344976521006369,48,NA,0.344976521006369,0.344976521006369,NA,1.60088609337153,1.60088609337153,1.60088609337153,1.60088609337153,NA,47,0.393439158294492,48,NA,0.393439158294492,NA,1.55242345608341,0.393439158294492,1.55242345608341,1.55242345608341,1.55242345608341,1.65,0.910214210639267,0.970233995982746,0.940862700656611
"D07_Bouldin_Alfalfa","2016-11-03",1.79854986716244,48,1.79854986716244,48,1.79854986716244,1.79854986716244,1.79854986716244,NA,0.550150881917479,NA,43,0.457942808440695,48,NA,0.457942808440695,0.457942808440695,NA,1.34060705872175,1.34060705872175,1.34060705872175,1.34060705872175,NA,0.320655737223341,NA,46,0.278140893267423,48,NA,0.278140893267423,0.278140893267423,NA,1.52040897389502,1.52040897389502,1.52040897389502,1.52040897389502,0.370354606491224,48,0.367216497661645,48,0.370354606491224,0.367216497661645,1.42819526067122,1.43133336950079,0.367216497661645,1.43133336950079,1.43133336950079,1.43133336950079,1.76,0.761708556091901,0.863868735167623,0.81325759630727
"D07_Bouldin_Alfalfa","2016-11-04",1.4187233858976,48,1.4187233858976,48,1.4187233858976,1.4187233858976,1.4187233858976,NA,0.334184981788028,NA,37,0.273651433763456,48,NA,0.273651433763456,0.273651433763456,NA,1.14507195213414,1.14507195213414,1.14507195213414,1.14507195213414,NA,0.314336382541238,NA,43,0.252267106607448,48,NA,0.252267106607448,0.252267106607448,NA,1.16645627929015,1.16645627929015,1.16645627929015,1.16645627929015,NA,46,0.262078216054652,48,NA,0.262078216054652,NA,1.15664516984295,0.262078216054652,1.15664516984295,1.15664516984295,1.15664516984295,1.73,0.661891301811644,0.674252184560782,0.668581023030606
"D07_Bouldin_Alfalfa","2016-11-05",1.50828037310178,48,1.50828037310178,48,1.50828037310178,1.50828037310178,1.50828037310178,NA,-0.283790425688756,NA,45,-0.0976059908817885,48,NA,-0.0976059908817885,-0.0976059908817885,NA,1.60588636398357,1.60588636398357,1.60588636398357,1.60588636398357,NA,-0.236002336317001,NA,46,-0.0471636575051469,48,NA,-0.0471636575051469,-0.0471636575051469,NA,1.55544403060693,1.55544403060693,1.55544403060693,1.55544403060693,NA,47,-0.0724953732528989,48,NA,-0.0724953732528989,NA,1.58077574635468,-0.0724953732528989,1.58077574635468,1.58077574635468,1.58077574635468,1.65,0.973264463020345,0.942693351882986,0.958045906881623
"D07_Bouldin_Alfalfa","2016-11-06",1.5798564608184,48,1.5798564608184,48,1.5798564608184,1.5798564608184,1.5798564608184,NA,0.152385385131044,NA,46,0.182201531009865,48,NA,0.182201531009865,0.182201531009865,NA,1.39765492980854,1.39765492980854,1.39765492980854,1.39765492980854,NA,0.0998683163140209,NA,45,0.135320806112344,48,NA,0.135320806112344,0.135320806112344,NA,1.44453565470606,1.44453565470606,1.44453565470606,1.44453565470606,0.157650544508097,48,0.158704473411449,48,0.157650544508097,0.158704473411449,1.4222059163103,1.42115198740695,0.158704473411449,1.42115198740695,1.42115198740695,1.42115198740695,1.53,0.913499954123226,0.944140950788272,0.928857508109118
"D07_Bouldin_Alfalfa","2016-11-07",1.8328262782392,48,1.8328262782392,48,1.8328262782392,1.8328262782392,1.8328262782392,NA,0.559788724349453,NA,44,0.460211848839049,48,NA,0.460211848839049,0.460211848839049,NA,1.37261442940015,1.37261442940015,1.37261442940015,1.37261442940015,NA,0.495786817773894,NA,45,0.404525126117542,48,NA,0.404525126117542,0.404525126117542,NA,1.42830115212166,1.42830115212166,1.42830115212166,1.42830115212166,0.4339087696382,48,0.432079086937671,48,0.4339087696382,0.432079086937671,1.398917508601,1.40074719130153,0.432079086937671,1.40074719130153,1.40074719130153,1.40074719130153,1.55,0.885557696387194,0.921484614272037,0.903707865355825
"D07_Bouldin_Alfalfa","2016-11-08",1.59374438036622,48,1.59374438036622,48,1.59374438036622,1.59374438036622,1.59374438036622,NA,0.547701901806087,NA,46,0.441631369404437,48,NA,0.441631369404437,0.441631369404437,NA,1.15211301096178,1.15211301096178,1.15211301096178,1.15211301096178,NA,0.512229819114815,NA,46,0.414281059669917,48,NA,0.414281059669917,0.414281059669917,NA,1.1794633206963,1.1794633206963,1.1794633206963,1.1794633206963,NA,46,0.42768934496734,48,NA,0.42768934496734,NA,1.16605503539888,0.42768934496734,1.16605503539888,1.16605503539888,1.16605503539888,1.64,0.702507933513282,0.719184951644087,0.711009167926146
"D07_Bouldin_Alfalfa","2016-11-09",1.45983685878,48,1.45983685878,48,1.45983685878,1.45983685878,1.45983685878,NA,0.422682950007561,NA,32,0.339176231662175,48,NA,0.339176231662175,0.339176231662175,NA,1.12066062711783,1.12066062711783,1.12066062711783,1.12066062711783,NA,0.500614673399564,NA,33,0.396655043696926,48,NA,0.396655043696926,0.396655043696926,NA,1.06318181508307,1.06318181508307,1.06318181508307,1.06318181508307,NA,40,0.366739979516122,48,NA,0.366739979516122,NA,1.09309687926388,0.366739979516122,1.09309687926388,1.09309687926388,1.09309687926388,1.69,0.663112797111139,0.62910166572963,0.64680288713839
"D07_Bouldin_Alfalfa","2016-11-10",0.97423869505518,48,0.97423869505518,48,0.97423869505518,0.97423869505518,0.97423869505518,NA,0.198814850396177,NA,35,0.159127908245211,48,NA,0.159127908245211,0.159127908245211,NA,0.815110786809969,0.815110786809969,0.815110786809969,0.815110786809969,NA,0.180589476996274,NA,43,0.146328257328623,48,NA,0.146328257328623,0.146328257328623,NA,0.827910437726557,0.827910437726557,0.827910437726557,0.827910437726557,NA,46,0.151969090461692,48,NA,0.151969090461692,NA,0.822269604593488,0.151969090461692,0.822269604593488,0.822269604593488,0.822269604593488,1.57,0.519178845101891,0.527331488997807,0.523738601651903
"D07_Bouldin_Alfalfa","2016-11-11",0.97684685854218,48,0.97684685854218,48,0.97684685854218,0.97684685854218,0.97684685854218,NA,0.0794401103060699,NA,40,0.0978124286970046,48,NA,0.0978124286970046,0.0978124286970046,NA,0.879034429845176,0.879034429845176,0.879034429845176,0.879034429845176,NA,0.0917031092513554,NA,42,0.104615096552603,48,NA,0.104615096552603,0.104615096552603,NA,0.872231761989577,0.872231761989577,0.872231761989577,0.872231761989577,NA,45,0.100532270184246,48,NA,0.100532270184246,NA,0.876314588357935,0.100532270184246,0.876314588357935,0.876314588357935,0.876314588357935,1.49,0.589955993184682,0.585390444288307,0.588130596213379
"D07_Bouldin_Alfalfa","2016-11-12",1.61018389196766,48,1.61018389196766,48,1.61018389196766,1.61018389196766,1.61018389196766,NA,0.134400532923096,NA,46,0.183314617641261,48,NA,0.183314617641261,0.183314617641261,NA,1.4268692743264,1.4268692743264,1.4268692743264,1.4268692743264,NA,0.0465385616180198,NA,47,0.127276196850241,48,NA,0.127276196850241,0.127276196850241,NA,1.48290769511742,1.48290769511742,1.48290769511742,1.48290769511742,0.142756616614848,48,0.155078677790443,48,0.142756616614848,0.155078677790443,1.46742727535281,1.45510521417722,0.155078677790443,1.45510521417722,1.45510521417722,1.45510521417722,1.84,0.77547243169913,0.80592809517251,0.79081805118327
"D07_Bouldin_Alfalfa","2016-11-13",1.382179709322,48,1.382179709322,48,1.382179709322,1.382179709322,1.382179709322,NA,0.470404567824441,NA,36,0.374775045247088,48,NA,0.374775045247088,0.374775045247088,NA,1.00740466407491,1.00740466407491,1.00740466407491,1.00740466407491,NA,0.341009531845806,NA,40,0.276158845908297,48,NA,0.276158845908297,0.276158845908297,NA,1.1060208634137,1.1060208634137,1.1060208634137,1.1060208634137,NA,42,0.324887517468262,48,NA,0.324887517468262,NA,1.05729219185374,0.324887517468262,1.05729219185374,1.05729219185374,1.05729219185374,1.5,0.671603109383275,0.737347242275802,0.704861461235825
"D07_Bouldin_Alfalfa","2016-11-14",1.402640935551,48,1.402640935551,48,1.402640935551,1.402640935551,1.402640935551,NA,0.264518462483107,NA,37,0.215602799834881,48,NA,0.215602799834881,0.215602799834881,NA,1.18703813571612,1.18703813571612,1.18703813571612,1.18703813571612,NA,0.218324217067052,NA,41,0.180519343890183,48,NA,0.180519343890183,0.180519343890183,NA,1.22212159166082,1.22212159166082,1.22212159166082,1.22212159166082,NA,45,0.197016510099729,48,NA,0.197016510099729,NA,1.20562442545127,0.197016510099729,1.20562442545127,1.20562442545127,1.20562442545127,1.39,0.853984270299366,0.879224166662459,0.867355701763505
"D07_Bouldin_Alfalfa","2016-11-15",1.03838629234446,48,1.03838629234446,48,1.03838629234446,1.03838629234446,1.03838629234446,NA,-0.207631569087787,NA,47,-0.00142610786190464,48,NA,-0.00142610786190464,-0.00142610786190464,NA,1.03981240020636,1.03981240020636,1.03981240020636,1.03981240020636,NA,-0.29732584884007,NA,47,-0.055327921483986,48,NA,-0.055327921483986,-0.055327921483986,NA,1.09371421382845,1.09371421382845,1.09371421382845,1.09371421382845,-0.0278008757828855,48,-0.0283770146729453,48,-0.0278008757828855,-0.0283770146729453,1.06618716812735,1.06676330701741,-0.0283770146729453,1.06676330701741,1.06676330701741,1.06676330701741,1.66,0.626393012172509,0.658863984234004,0.642628498203256
"D07_Bouldin_Alfalfa","2016-11-16",0.33952557988008,48,0.33952557988008,48,0.33952557988008,0.33952557988008,0.33952557988008,-0.129786543022704,-0.129786543022704,0.0803405428947704,48,0.0803405428947704,48,0.0803405428947704,0.0803405428947704,0.0803405428947704,0.25918503698531,0.25918503698531,0.25918503698531,0.25918503698531,0.25918503698531,-0.0570518148698358,-0.0570518148698358,0.128626679764005,48,0.128626679764005,48,0.128626679764005,0.128626679764005,0.128626679764005,0.210898900116075,0.210898900116075,0.210898900116075,0.210898900116075,0.210898900116075,0.104483611329388,48,0.104483611329388,48,0.104483611329388,0.104483611329388,0.235041968550692,0.235041968550692,0.104483611329388,0.235041968550692,0.235041968550692,0.235041968550692,1.7,0.152461786461947,0.124058176538868,0.138259981500407
"D07_Bouldin_Alfalfa","2016-11-17",0.79024929166098,48,0.79024929166098,48,0.79024929166098,0.79024929166098,0.79024929166098,NA,0.598583459231235,NA,47,0.557866790463407,48,NA,0.557866790463407,0.557866790463407,NA,0.232382501197573,0.232382501197573,0.232382501197573,0.232382501197573,0.680372855342308,0.680372855342308,0.630366497684799,48,0.630366497684799,48,0.630366497684799,0.630366497684799,0.630366497684799,0.159882793976181,0.159882793976181,0.159882793976181,0.159882793976181,0.159882793976181,0.585481538744826,48,0.59408818619662,48,0.585481538744826,0.59408818619662,0.204767752916154,0.19616110546436,0.59408818619662,0.19616110546436,0.19616110546436,0.19616110546436,1.47,0.158083334148009,0.108763805425973,0.13344292888732
"D07_Bouldin_Alfalfa","2016-11-18",1.05758017152696,48,1.05758017152696,48,1.05758017152696,1.05758017152696,1.05758017152696,NA,0.489269579208533,NA,46,0.482919965798861,48,NA,0.482919965798861,0.482919965798861,NA,0.574660205728099,0.574660205728099,0.574660205728099,0.574660205728099,0.550830396989872,0.550830396989872,0.522945335140432,48,0.522945335140432,48,0.522945335140432,0.522945335140432,0.522945335140432,0.534634836386528,0.534634836386528,0.534634836386528,0.534634836386528,0.534634836386528,0.505070748248781,48,0.502932127817002,48,0.505070748248781,0.502932127817002,0.552509423278179,0.554648043709958,0.502932127817002,0.554648043709958,0.554648043709958,0.554648043709958,1.61,0.356931804800062,0.332071326948154,0.344501890503079
"D07_Bouldin_Alfalfa","2016-11-19",-0.09184555882728,48,-0.09184555882728,48,-0.09184555882728,-0.09184555882728,-0.09184555882728,NA,-0.138462498576629,NA,47,-0.0214933646042191,48,NA,-0.0214933646042191,-0.0214933646042191,NA,-0.0703521942230609,-0.0703521942230609,-0.0703521942230609,-0.0703521942230609,NA,-0.197889436111544,NA,46,-0.0599671841001789,48,NA,-0.0599671841001789,-0.0599671841001789,NA,-0.031878374727101,-0.031878374727101,-0.031878374727101,-0.031878374727101,-0.0400239667892847,48,-0.040817222484286,48,-0.0400239667892847,-0.040817222484286,-0.0518215920379953,-0.051028336342994,-0.040817222484286,-0.051028336342994,-0.051028336342994,-0.051028336342994,1.18,-0.0596205035788651,-0.027015571802628,-0.0432443528330458
"D07_Bouldin_Alfalfa","2016-11-20",0.15487054377624,48,0.15487054377624,48,0.15487054377624,0.15487054377624,0.15487054377624,NA,0.207430055174594,NA,45,0.184238377172622,48,NA,0.184238377172622,0.184238377172622,NA,-0.0293678333963819,-0.0293678333963819,-0.0293678333963819,-0.0293678333963819,NA,0.22936182370597,NA,44,0.193803751243187,48,NA,0.193803751243187,0.193803751243187,NA,-0.0389332074669466,-0.0389332074669466,-0.0389332074669466,-0.0389332074669466,0.19092994113057,48,0.188928260270928,48,0.19092994113057,0.188928260270928,-0.0360593973543299,-0.0340577164946877,0.188928260270928,-0.0340577164946877,-0.0340577164946877,-0.0340577164946877,0.69,-0.0425620773860607,-0.0564249383578937,-0.0493590094125909
"D07_Bouldin_Alfalfa","2016-11-21",0.53321661675198,48,0.53321661675198,48,0.53321661675198,0.53321661675198,0.53321661675198,NA,0.364729734735399,NA,45,0.308138486846888,48,NA,0.308138486846888,0.308138486846888,NA,0.225078129905092,0.225078129905092,0.225078129905092,0.225078129905092,NA,0.328108127742116,NA,44,0.282928348191865,48,NA,0.282928348191865,0.282928348191865,NA,0.250288268560115,0.250288268560115,0.250288268560115,0.250288268560115,NA,47,0.294278291480925,48,NA,0.294278291480925,NA,0.238938325271055,0.294278291480925,0.238938325271055,0.238938325271055,0.238938325271055,0.93,0.242019494521605,0.269127170494747,0.256922930398984
"D07_Bouldin_Alfalfa","2016-11-22",0.8422972144524,48,0.8422972144524,48,0.8422972144524,0.8422972144524,0.8422972144524,NA,0.0804245752951148,NA,40,0.0951031767389877,48,NA,0.0951031767389877,0.0951031767389877,NA,0.747194037713412,0.747194037713412,0.747194037713412,0.747194037713412,NA,0.0990822649043692,NA,47,0.124824770098982,48,NA,0.124824770098982,0.124824770098982,NA,0.717472444353418,0.717472444353418,0.717472444353418,0.717472444353418,NA,47,0.10946595350001,48,NA,0.10946595350001,NA,0.73283126095239,0.10946595350001,0.73283126095239,0.73283126095239,0.73283126095239,0.78,0.957941073991554,0.919836467119766,0.939527257631269
"D07_Bouldin_Alfalfa","2016-11-23",0.65729099464524,48,0.65729099464524,48,0.65729099464524,0.65729099464524,0.65729099464524,NA,0.266103971726707,NA,47,0.314408344253074,48,NA,0.314408344253074,0.314408344253074,NA,0.342882650392166,0.342882650392166,0.342882650392166,0.342882650392166,0.293229562362186,0.293229562362186,0.329994116178816,48,0.329994116178816,48,0.329994116178816,0.329994116178816,0.329994116178816,0.327296878466424,0.327296878466424,0.327296878466424,0.327296878466424,0.327296878466424,0.323023762269296,48,0.322198756997119,48,0.323023762269296,0.322198756997119,0.334267232375944,0.335092237648121,0.322198756997119,0.335092237648121,0.335092237648121,0.335092237648121,1.06,0.323474198483175,0.308770640062664,0.316124752498227
"D07_Bouldin_Alfalfa","2016-11-24",0.87844709507616,48,0.87844709507616,48,0.87844709507616,0.87844709507616,0.87844709507616,NA,0.287049614260664,NA,41,0.239235002511697,48,NA,0.239235002511697,0.239235002511697,NA,0.639212092564463,0.639212092564463,0.639212092564463,0.639212092564463,NA,0.278002922539853,NA,46,0.25235139530607,48,NA,0.25235139530607,0.25235139530607,NA,0.62609569977009,0.62609569977009,0.62609569977009,0.62609569977009,0.25058118178678,48,0.245325693847828,48,0.25058118178678,0.245325693847828,0.62786591328938,0.633121401228332,0.245325693847828,0.633121401228332,0.633121401228332,0.633121401228332,0.92,0.69479575278746,0.680538804097924,0.688175436117753
"D07_Bouldin_Alfalfa","2016-11-25",0.31628059831242,48,0.31628059831242,48,0.31628059831242,0.31628059831242,0.31628059831242,NA,0.194068710579761,NA,43,0.168371144923611,48,NA,0.168371144923611,0.168371144923611,NA,0.147909453388809,0.147909453388809,0.147909453388809,0.147909453388809,NA,0.194354853879178,NA,47,0.173655210857781,48,NA,0.173655210857781,0.173655210857781,NA,0.142625387454639,0.142625387454639,0.142625387454639,0.142625387454639,0.169548217654065,48,0.170644668278775,48,0.169548217654065,0.170644668278775,0.146732380658356,0.145635930033645,0.170644668278775,0.145635930033645,0.145635930033645,0.145635930033645,0.68,0.217513902042367,0.209743216845057,0.214170485343596
"D07_Bouldin_Alfalfa","2016-11-26",NA,16,NA,16,NA,NA,NA,NA,NA,NA,16,NA,16,NA,NA,NA,NA,NA,NA,NA,NA,NA,NA,NA,16,NA,16,NA,NA,NA,NA,NA,NA,NA,NA,NA,16,NA,16,NA,NA,NA,NA,NA,NA,NA,NA,0.61,NA,NA,NA
"D07_Bouldin_Alfalfa","2016-11-27",NA,34,NA,34,NA,NA,NA,NA,NA,NA,32,NA,33,NA,NA,NA,NA,NA,NA,NA,NA,NA,NA,NA,33,NA,34,NA,NA,NA,NA,NA,NA,NA,NA,NA,34,NA,34,NA,NA,NA,NA,NA,NA,NA,NA,1.26,NA,NA,NA
"D07_Bouldin_Alfalfa","2016-11-28",NA,47,NA,47,NA,NA,NA,NA,NA,NA,47,NA,47,NA,NA,NA,NA,NA,NA,NA,NA,NA,NA,NA,46,NA,47,NA,NA,NA,NA,NA,NA,NA,NA,NA,47,NA,47,NA,NA,NA,NA,NA,NA,NA,NA,0.9,NA,NA,NA
"D07_Bouldin_Alfalfa","2016-11-29",NA,23,NA,23,NA,NA,NA,NA,NA,NA,23,NA,23,NA,NA,NA,NA,NA,NA,NA,NA,NA,NA,NA,22,NA,23,NA,NA,NA,NA,NA,NA,NA,NA,NA,23,NA,23,NA,NA,NA,NA,NA,NA,NA,NA,0.98,NA,NA,NA
